feature_path,label,label_idx
C:\SoundModel\data\gtzan\features\metal_metal.00069_chunk1.npy,metal,6
C:\SoundModel\data\gtzan\features\reggae_reggae.00066_chunk2.npy,reggae,8
C:\SoundModel\data\gtzan\features\blues_blues.00035_chunk0.npy,blues,0
C:\SoundModel\data\gtzan\features\metal_metal.00097_chunk2.npy,metal,6
C:\SoundModel\data\gtzan\features\blues_blues.00088_chunk1.npy,blues,0
C:\SoundModel\data\gtzan\features\disco_disco.00003_chunk2.npy,disco,3
C:\SoundModel\data\gtzan\features\classical_classical.00080_chunk2.npy,classical,1
C:\SoundModel\data\gtzan\features\classical_classical.00071_chunk0.npy,classical,1
C:\SoundModel\data\gtzan\features\jazz_jazz.00018_chunk0.npy,jazz,5
C:\SoundModel\data\gtzan\features\classical_classical.00005_chunk0.npy,classical,1
C:\SoundModel\data\gtzan\features\classical_classical.00008_chunk1.npy,classical,1
C:\SoundModel\data\gtzan\features\metal_metal.00046_chunk1.npy,metal,6
C:\SoundModel\data\gtzan\features\metal_metal.00054_chunk0.npy,metal,6
C:\SoundModel\data\gtzan\features\classical_classical.00074_chunk0.npy,classical,1
C:\SoundModel\data\gtzan\features\hiphop_hiphop.00059_chunk2.npy,hiphop,4
C:\SoundModel\data\gtzan\features\reggae_reggae.00061_chunk1.npy,reggae,8
C:\SoundModel\data\gtzan\features\pop_pop.00093_chunk2.npy,pop,7
C:\SoundModel\data\gtzan\features\blues_blues.00069_chunk1.npy,blues,0
C:\SoundModel\data\gtzan\features\pop_pop.00084_chunk0.npy,pop,7
C:\SoundModel\data\gtzan\features\metal_metal.00033_chunk0.npy,metal,6
C:\SoundModel\data\gtzan\features\classical_classical.00037_chunk1.npy,classical,1
C:\SoundModel\data\gtzan\features\country_country.00067_chunk1.npy,country,2
C:\SoundModel\data\gtzan\features\jazz_jazz.00057_chunk1.npy,jazz,5
C:\SoundModel\data\gtzan\features\metal_metal.00097_chunk1.npy,metal,6
C:\SoundModel\data\gtzan\features\hiphop_hiphop.00029_chunk2.npy,hiphop,4
C:\SoundModel\data\gtzan\features\reggae_reggae.00060_chunk2.npy,reggae,8
C:\SoundModel\data\gtzan\features\rock_rock.00066_chunk1.npy,rock,9
C:\SoundModel\data\gtzan\features\disco_disco.00021_chunk0.npy,disco,3
C:\SoundModel\data\gtzan\features\metal_metal.00040_chunk0.npy,metal,6
C:\SoundModel\data\gtzan\features\hiphop_hiphop.00047_chunk1.npy,hiphop,4
C:\SoundModel\data\gtzan\features\pop_pop.00067_chunk0.npy,pop,7
C:\SoundModel\data\gtzan\features\rock_rock.00084_chunk0.npy,rock,9
C:\SoundModel\data\gtzan\features\hiphop_hiphop.00023_chunk0.npy,hiphop,4
C:\SoundModel\data\gtzan\features\pop_pop.00019_chunk2.npy,pop,7
C:\SoundModel\data\gtzan\features\classical_classical.00049_chunk2.npy,classical,1
C:\SoundModel\data\gtzan\features\hiphop_hiphop.00013_chunk0.npy,hiphop,4
C:\SoundModel\data\gtzan\features\pop_pop.00096_chunk2.npy,pop,7
C:\SoundModel\data\gtzan\features\disco_disco.00092_chunk0.npy,disco,3
C:\SoundModel\data\gtzan\features\reggae_reggae.00034_chunk0.npy,reggae,8
C:\SoundModel\data\gtzan\features\blues_blues.00085_chunk0.npy,blues,0
C:\SoundModel\data\gtzan\features\jazz_jazz.00040_chunk0.npy,jazz,5
C:\SoundModel\data\gtzan\features\reggae_reggae.00029_chunk1.npy,reggae,8
C:\SoundModel\data\gtzan\features\metal_metal.00095_chunk0.npy,metal,6
C:\SoundModel\data\gtzan\features\hiphop_hiphop.00077_chunk2.npy,hiphop,4
C:\SoundModel\data\gtzan\features\pop_pop.00023_chunk0.npy,pop,7
C:\SoundModel\data\gtzan\features\reggae_reggae.00019_chunk1.npy,reggae,8
C:\SoundModel\data\gtzan\features\metal_metal.00083_chunk1.npy,metal,6
C:\SoundModel\data\gtzan\features\hiphop_hiphop.00044_chunk0.npy,hiphop,4
C:\SoundModel\data\gtzan\features\country_country.00055_chunk0.npy,country,2
C:\SoundModel\data\gtzan\features\jazz_jazz.00006_chunk2.npy,jazz,5
C:\SoundModel\data\gtzan\features\reggae_reggae.00020_chunk0.npy,reggae,8
C:\SoundModel\data\gtzan\features\rock_rock.00005_chunk2.npy,rock,9
C:\SoundModel\data\gtzan\features\disco_disco.00030_chunk0.npy,disco,3
C:\SoundModel\data\gtzan\features\pop_pop.00092_chunk2.npy,pop,7
C:\SoundModel\data\gtzan\features\classical_classical.00058_chunk0.npy,classical,1
C:\SoundModel\data\gtzan\features\pop_pop.00090_chunk0.npy,pop,7
C:\SoundModel\data\gtzan\features\jazz_jazz.00040_chunk1.npy,jazz,5
C:\SoundModel\data\gtzan\features\reggae_reggae.00014_chunk2.npy,reggae,8
C:\SoundModel\data\gtzan\features\blues_blues.00003_chunk2.npy,blues,0
C:\SoundModel\data\gtzan\features\disco_disco.00012_chunk2.npy,disco,3
C:\SoundModel\data\gtzan\features\hiphop_hiphop.00041_chunk0.npy,hiphop,4
C:\SoundModel\data\gtzan\features\country_country.00020_chunk0.npy,country,2
C:\SoundModel\data\gtzan\features\rock_rock.00044_chunk2.npy,rock,9
C:\SoundModel\data\gtzan\features\rock_rock.00091_chunk2.npy,rock,9
C:\SoundModel\data\gtzan\features\reggae_reggae.00062_chunk2.npy,reggae,8
C:\SoundModel\data\gtzan\features\disco_disco.00076_chunk1.npy,disco,3
C:\SoundModel\data\gtzan\features\pop_pop.00095_chunk1.npy,pop,7
C:\SoundModel\data\gtzan\features\country_country.00026_chunk2.npy,country,2
C:\SoundModel\data\gtzan\features\blues_blues.00057_chunk0.npy,blues,0
C:\SoundModel\data\gtzan\features\pop_pop.00045_chunk2.npy,pop,7
C:\SoundModel\data\gtzan\features\rock_rock.00056_chunk2.npy,rock,9
C:\SoundModel\data\gtzan\features\metal_metal.00078_chunk0.npy,metal,6
C:\SoundModel\data\gtzan\features\blues_blues.00050_chunk2.npy,blues,0
C:\SoundModel\data\gtzan\features\jazz_jazz.00039_chunk1.npy,jazz,5
C:\SoundModel\data\gtzan\features\classical_classical.00016_chunk0.npy,classical,1
C:\SoundModel\data\gtzan\features\disco_disco.00072_chunk0.npy,disco,3
C:\SoundModel\data\gtzan\features\reggae_reggae.00018_chunk2.npy,reggae,8
C:\SoundModel\data\gtzan\features\metal_metal.00087_chunk0.npy,metal,6
C:\SoundModel\data\gtzan\features\disco_disco.00070_chunk1.npy,disco,3
C:\SoundModel\data\gtzan\features\disco_disco.00087_chunk1.npy,disco,3
C:\SoundModel\data\gtzan\features\blues_blues.00010_chunk2.npy,blues,0
C:\SoundModel\data\gtzan\features\disco_disco.00095_chunk1.npy,disco,3
C:\SoundModel\data\gtzan\features\blues_blues.00031_chunk2.npy,blues,0
C:\SoundModel\data\gtzan\features\blues_blues.00025_chunk2.npy,blues,0
C:\SoundModel\data\gtzan\features\classical_classical.00095_chunk1.npy,classical,1
C:\SoundModel\data\gtzan\features\metal_metal.00055_chunk2.npy,metal,6
C:\SoundModel\data\gtzan\features\country_country.00057_chunk1.npy,country,2
C:\SoundModel\data\gtzan\features\reggae_reggae.00042_chunk1.npy,reggae,8
C:\SoundModel\data\gtzan\features\country_country.00038_chunk0.npy,country,2
C:\SoundModel\data\gtzan\features\pop_pop.00011_chunk1.npy,pop,7
C:\SoundModel\data\gtzan\features\hiphop_hiphop.00089_chunk2.npy,hiphop,4
C:\SoundModel\data\gtzan\features\reggae_reggae.00081_chunk0.npy,reggae,8
C:\SoundModel\data\gtzan\features\disco_disco.00063_chunk1.npy,disco,3
C:\SoundModel\data\gtzan\features\metal_metal.00092_chunk0.npy,metal,6
C:\SoundModel\data\gtzan\features\reggae_reggae.00050_chunk2.npy,reggae,8
C:\SoundModel\data\gtzan\features\metal_metal.00023_chunk2.npy,metal,6
C:\SoundModel\data\gtzan\features\reggae_reggae.00081_chunk1.npy,reggae,8
C:\SoundModel\data\gtzan\features\metal_metal.00015_chunk2.npy,metal,6
C:\SoundModel\data\gtzan\features\rock_rock.00051_chunk1.npy,rock,9
C:\SoundModel\data\gtzan\features\disco_disco.00035_chunk2.npy,disco,3
C:\SoundModel\data\gtzan\features\blues_blues.00043_chunk0.npy,blues,0
C:\SoundModel\data\gtzan\features\jazz_jazz.00036_chunk1.npy,jazz,5
C:\SoundModel\data\gtzan\features\classical_classical.00074_chunk2.npy,classical,1
C:\SoundModel\data\gtzan\features\pop_pop.00037_chunk1.npy,pop,7
C:\SoundModel\data\gtzan\features\reggae_reggae.00063_chunk1.npy,reggae,8
C:\SoundModel\data\gtzan\features\metal_metal.00046_chunk0.npy,metal,6
C:\SoundModel\data\gtzan\features\blues_blues.00049_chunk1.npy,blues,0
C:\SoundModel\data\gtzan\features\metal_metal.00013_chunk1.npy,metal,6
C:\SoundModel\data\gtzan\features\reggae_reggae.00085_chunk1.npy,reggae,8
C:\SoundModel\data\gtzan\features\blues_blues.00022_chunk2.npy,blues,0
C:\SoundModel\data\gtzan\features\blues_blues.00023_chunk0.npy,blues,0
C:\SoundModel\data\gtzan\features\jazz_jazz.00049_chunk2.npy,jazz,5
C:\SoundModel\data\gtzan\features\pop_pop.00052_chunk0.npy,pop,7
C:\SoundModel\data\gtzan\features\reggae_reggae.00098_chunk0.npy,reggae,8
C:\SoundModel\data\gtzan\features\metal_metal.00079_chunk1.npy,metal,6
C:\SoundModel\data\gtzan\features\disco_disco.00084_chunk0.npy,disco,3
C:\SoundModel\data\gtzan\features\metal_metal.00023_chunk0.npy,metal,6
C:\SoundModel\data\gtzan\features\classical_classical.00082_chunk2.npy,classical,1
C:\SoundModel\data\gtzan\features\disco_disco.00021_chunk1.npy,disco,3
C:\SoundModel\data\gtzan\features\pop_pop.00065_chunk2.npy,pop,7
C:\SoundModel\data\gtzan\features\pop_pop.00088_chunk2.npy,pop,7
C:\SoundModel\data\gtzan\features\classical_classical.00050_chunk0.npy,classical,1
C:\SoundModel\data\gtzan\features\jazz_jazz.00067_chunk0.npy,jazz,5
C:\SoundModel\data\gtzan\features\country_country.00040_chunk1.npy,country,2
C:\SoundModel\data\gtzan\features\blues_blues.00073_chunk2.npy,blues,0
C:\SoundModel\data\gtzan\features\reggae_reggae.00081_chunk2.npy,reggae,8
C:\SoundModel\data\gtzan\features\disco_disco.00052_chunk1.npy,disco,3
C:\SoundModel\data\gtzan\features\pop_pop.00067_chunk1.npy,pop,7
C:\SoundModel\data\gtzan\features\classical_classical.00058_chunk1.npy,classical,1
C:\SoundModel\data\gtzan\features\hiphop_hiphop.00037_chunk2.npy,hiphop,4
C:\SoundModel\data\gtzan\features\country_country.00045_chunk0.npy,country,2
C:\SoundModel\data\gtzan\features\country_country.00052_chunk1.npy,country,2
C:\SoundModel\data\gtzan\features\classical_classical.00098_chunk0.npy,classical,1
C:\SoundModel\data\gtzan\features\hiphop_hiphop.00092_chunk1.npy,hiphop,4
C:\SoundModel\data\gtzan\features\hiphop_hiphop.00039_chunk2.npy,hiphop,4
C:\SoundModel\data\gtzan\features\rock_rock.00021_chunk1.npy,rock,9
C:\SoundModel\data\gtzan\features\rock_rock.00031_chunk2.npy,rock,9
C:\SoundModel\data\gtzan\features\disco_disco.00074_chunk1.npy,disco,3
C:\SoundModel\data\gtzan\features\metal_metal.00069_chunk0.npy,metal,6
C:\SoundModel\data\gtzan\features\disco_disco.00050_chunk0.npy,disco,3
C:\SoundModel\data\gtzan\features\disco_disco.00040_chunk1.npy,disco,3
C:\SoundModel\data\gtzan\features\country_country.00054_chunk0.npy,country,2
C:\SoundModel\data\gtzan\features\reggae_reggae.00079_chunk1.npy,reggae,8
C:\SoundModel\data\gtzan\features\rock_rock.00097_chunk1.npy,rock,9
C:\SoundModel\data\gtzan\features\jazz_jazz.00074_chunk0.npy,jazz,5
C:\SoundModel\data\gtzan\features\blues_blues.00053_chunk1.npy,blues,0
C:\SoundModel\data\gtzan\features\reggae_reggae.00092_chunk0.npy,reggae,8
C:\SoundModel\data\gtzan\features\hiphop_hiphop.00000_chunk0.npy,hiphop,4
C:\SoundModel\data\gtzan\features\metal_metal.00016_chunk2.npy,metal,6
C:\SoundModel\data\gtzan\features\country_country.00041_chunk2.npy,country,2
C:\SoundModel\data\gtzan\features\disco_disco.00099_chunk1.npy,disco,3
C:\SoundModel\data\gtzan\features\rock_rock.00037_chunk2.npy,rock,9
C:\SoundModel\data\gtzan\features\jazz_jazz.00070_chunk2.npy,jazz,5
C:\SoundModel\data\gtzan\features\blues_blues.00018_chunk1.npy,blues,0
C:\SoundModel\data\gtzan\features\blues_blues.00006_chunk2.npy,blues,0
C:\SoundModel\data\gtzan\features\disco_disco.00090_chunk1.npy,disco,3
C:\SoundModel\data\gtzan\features\jazz_jazz.00043_chunk0.npy,jazz,5
C:\SoundModel\data\gtzan\features\classical_classical.00044_chunk2.npy,classical,1
C:\SoundModel\data\gtzan\features\disco_disco.00080_chunk0.npy,disco,3
C:\SoundModel\data\gtzan\features\country_country.00073_chunk1.npy,country,2
C:\SoundModel\data\gtzan\features\pop_pop.00012_chunk0.npy,pop,7
C:\SoundModel\data\gtzan\features\hiphop_hiphop.00046_chunk0.npy,hiphop,4
C:\SoundModel\data\gtzan\features\classical_classical.00027_chunk0.npy,classical,1
C:\SoundModel\data\gtzan\features\hiphop_hiphop.00061_chunk0.npy,hiphop,4
C:\SoundModel\data\gtzan\features\jazz_jazz.00057_chunk0.npy,jazz,5
C:\SoundModel\data\gtzan\features\reggae_reggae.00012_chunk2.npy,reggae,8
C:\SoundModel\data\gtzan\features\reggae_reggae.00046_chunk0.npy,reggae,8
C:\SoundModel\data\gtzan\features\pop_pop.00027_chunk2.npy,pop,7
C:\SoundModel\data\gtzan\features\reggae_reggae.00040_chunk0.npy,reggae,8
C:\SoundModel\data\gtzan\features\country_country.00010_chunk0.npy,country,2
C:\SoundModel\data\gtzan\features\rock_rock.00053_chunk0.npy,rock,9
C:\SoundModel\data\gtzan\features\metal_metal.00021_chunk2.npy,metal,6
C:\SoundModel\data\gtzan\features\hiphop_hiphop.00093_chunk1.npy,hiphop,4
C:\SoundModel\data\gtzan\features\disco_disco.00031_chunk0.npy,disco,3
C:\SoundModel\data\gtzan\features\jazz_jazz.00064_chunk2.npy,jazz,5
C:\SoundModel\data\gtzan\features\pop_pop.00040_chunk1.npy,pop,7
C:\SoundModel\data\gtzan\features\pop_pop.00049_chunk0.npy,pop,7
C:\SoundModel\data\gtzan\features\disco_disco.00004_chunk2.npy,disco,3
C:\SoundModel\data\gtzan\features\blues_blues.00072_chunk0.npy,blues,0
C:\SoundModel\data\gtzan\features\blues_blues.00039_chunk1.npy,blues,0
C:\SoundModel\data\gtzan\features\jazz_jazz.00021_chunk0.npy,jazz,5
C:\SoundModel\data\gtzan\features\metal_metal.00000_chunk2.npy,metal,6
C:\SoundModel\data\gtzan\features\country_country.00047_chunk1.npy,country,2
C:\SoundModel\data\gtzan\features\rock_rock.00099_chunk2.npy,rock,9
C:\SoundModel\data\gtzan\features\hiphop_hiphop.00000_chunk2.npy,hiphop,4
C:\SoundModel\data\gtzan\features\reggae_reggae.00024_chunk2.npy,reggae,8
C:\SoundModel\data\gtzan\features\reggae_reggae.00033_chunk2.npy,reggae,8
C:\SoundModel\data\gtzan\features\classical_classical.00094_chunk1.npy,classical,1
C:\SoundModel\data\gtzan\features\blues_blues.00040_chunk0.npy,blues,0
C:\SoundModel\data\gtzan\features\metal_metal.00001_chunk1.npy,metal,6
C:\SoundModel\data\gtzan\features\reggae_reggae.00019_chunk0.npy,reggae,8
C:\SoundModel\data\gtzan\features\jazz_jazz.00065_chunk1.npy,jazz,5
C:\SoundModel\data\gtzan\features\jazz_jazz.00004_chunk1.npy,jazz,5
C:\SoundModel\data\gtzan\features\classical_classical.00027_chunk1.npy,classical,1
C:\SoundModel\data\gtzan\features\disco_disco.00005_chunk0.npy,disco,3
C:\SoundModel\data\gtzan\features\rock_rock.00090_chunk2.npy,rock,9
C:\SoundModel\data\gtzan\features\blues_blues.00052_chunk1.npy,blues,0
C:\SoundModel\data\gtzan\features\reggae_reggae.00004_chunk0.npy,reggae,8
C:\SoundModel\data\gtzan\features\country_country.00023_chunk0.npy,country,2
C:\SoundModel\data\gtzan\features\reggae_reggae.00053_chunk2.npy,reggae,8
C:\SoundModel\data\gtzan\features\classical_classical.00028_chunk2.npy,classical,1
C:\SoundModel\data\gtzan\features\hiphop_hiphop.00011_chunk1.npy,hiphop,4
C:\SoundModel\data\gtzan\features\rock_rock.00001_chunk2.npy,rock,9
C:\SoundModel\data\gtzan\features\hiphop_hiphop.00065_chunk0.npy,hiphop,4
C:\SoundModel\data\gtzan\features\hiphop_hiphop.00052_chunk1.npy,hiphop,4
C:\SoundModel\data\gtzan\features\metal_metal.00098_chunk0.npy,metal,6
C:\SoundModel\data\gtzan\features\classical_classical.00071_chunk2.npy,classical,1
C:\SoundModel\data\gtzan\features\blues_blues.00015_chunk2.npy,blues,0
C:\SoundModel\data\gtzan\features\blues_blues.00032_chunk2.npy,blues,0
C:\SoundModel\data\gtzan\features\hiphop_hiphop.00062_chunk2.npy,hiphop,4
C:\SoundModel\data\gtzan\features\jazz_jazz.00009_chunk0.npy,jazz,5
C:\SoundModel\data\gtzan\features\country_country.00024_chunk2.npy,country,2
C:\SoundModel\data\gtzan\features\disco_disco.00002_chunk2.npy,disco,3
C:\SoundModel\data\gtzan\features\blues_blues.00021_chunk1.npy,blues,0
C:\SoundModel\data\gtzan\features\hiphop_hiphop.00078_chunk1.npy,hiphop,4
C:\SoundModel\data\gtzan\features\reggae_reggae.00032_chunk0.npy,reggae,8
C:\SoundModel\data\gtzan\features\metal_metal.00038_chunk2.npy,metal,6
C:\SoundModel\data\gtzan\features\metal_metal.00044_chunk0.npy,metal,6
C:\SoundModel\data\gtzan\features\classical_classical.00039_chunk1.npy,classical,1
C:\SoundModel\data\gtzan\features\hiphop_hiphop.00097_chunk0.npy,hiphop,4
C:\SoundModel\data\gtzan\features\rock_rock.00012_chunk2.npy,rock,9
C:\SoundModel\data\gtzan\features\jazz_jazz.00000_chunk2.npy,jazz,5
C:\SoundModel\data\gtzan\features\metal_metal.00042_chunk1.npy,metal,6
C:\SoundModel\data\gtzan\features\hiphop_hiphop.00034_chunk1.npy,hiphop,4
C:\SoundModel\data\gtzan\features\country_country.00057_chunk2.npy,country,2
C:\SoundModel\data\gtzan\features\blues_blues.00097_chunk1.npy,blues,0
C:\SoundModel\data\gtzan\features\pop_pop.00036_chunk1.npy,pop,7
C:\SoundModel\data\gtzan\features\classical_classical.00036_chunk0.npy,classical,1
C:\SoundModel\data\gtzan\features\jazz_jazz.00077_chunk1.npy,jazz,5
C:\SoundModel\data\gtzan\features\reggae_reggae.00015_chunk1.npy,reggae,8
C:\SoundModel\data\gtzan\features\metal_metal.00091_chunk2.npy,metal,6
C:\SoundModel\data\gtzan\features\rock_rock.00013_chunk1.npy,rock,9
C:\SoundModel\data\gtzan\features\classical_classical.00003_chunk2.npy,classical,1
C:\SoundModel\data\gtzan\features\reggae_reggae.00060_chunk0.npy,reggae,8
C:\SoundModel\data\gtzan\features\country_country.00013_chunk1.npy,country,2
C:\SoundModel\data\gtzan\features\jazz_jazz.00088_chunk2.npy,jazz,5
C:\SoundModel\data\gtzan\features\jazz_jazz.00039_chunk2.npy,jazz,5
C:\SoundModel\data\gtzan\features\blues_blues.00012_chunk0.npy,blues,0
C:\SoundModel\data\gtzan\features\blues_blues.00045_chunk2.npy,blues,0
C:\SoundModel\data\gtzan\features\disco_disco.00048_chunk2.npy,disco,3
C:\SoundModel\data\gtzan\features\disco_disco.00002_chunk1.npy,disco,3
C:\SoundModel\data\gtzan\features\hiphop_hiphop.00085_chunk2.npy,hiphop,4
C:\SoundModel\data\gtzan\features\jazz_jazz.00012_chunk1.npy,jazz,5
C:\SoundModel\data\gtzan\features\country_country.00036_chunk1.npy,country,2
C:\SoundModel\data\gtzan\features\hiphop_hiphop.00090_chunk1.npy,hiphop,4
C:\SoundModel\data\gtzan\features\country_country.00063_chunk2.npy,country,2
C:\SoundModel\data\gtzan\features\classical_classical.00081_chunk0.npy,classical,1
C:\SoundModel\data\gtzan\features\hiphop_hiphop.00038_chunk0.npy,hiphop,4
C:\SoundModel\data\gtzan\features\jazz_jazz.00088_chunk1.npy,jazz,5
C:\SoundModel\data\gtzan\features\reggae_reggae.00004_chunk1.npy,reggae,8
C:\SoundModel\data\gtzan\features\country_country.00030_chunk2.npy,country,2
C:\SoundModel\data\gtzan\features\metal_metal.00067_chunk1.npy,metal,6
C:\SoundModel\data\gtzan\features\reggae_reggae.00049_chunk1.npy,reggae,8
C:\SoundModel\data\gtzan\features\jazz_jazz.00032_chunk1.npy,jazz,5
C:\SoundModel\data\gtzan\features\metal_metal.00018_chunk1.npy,metal,6
C:\SoundModel\data\gtzan\features\disco_disco.00039_chunk1.npy,disco,3
C:\SoundModel\data\gtzan\features\country_country.00060_chunk1.npy,country,2
C:\SoundModel\data\gtzan\features\disco_disco.00089_chunk2.npy,disco,3
C:\SoundModel\data\gtzan\features\reggae_reggae.00049_chunk2.npy,reggae,8
C:\SoundModel\data\gtzan\features\pop_pop.00070_chunk2.npy,pop,7
C:\SoundModel\data\gtzan\features\disco_disco.00086_chunk1.npy,disco,3
C:\SoundModel\data\gtzan\features\rock_rock.00048_chunk2.npy,rock,9
C:\SoundModel\data\gtzan\features\blues_blues.00022_chunk0.npy,blues,0
C:\SoundModel\data\gtzan\features\jazz_jazz.00041_chunk0.npy,jazz,5
C:\SoundModel\data\gtzan\features\jazz_jazz.00014_chunk1.npy,jazz,5
C:\SoundModel\data\gtzan\features\rock_rock.00024_chunk2.npy,rock,9
C:\SoundModel\data\gtzan\features\rock_rock.00018_chunk2.npy,rock,9
C:\SoundModel\data\gtzan\features\classical_classical.00023_chunk1.npy,classical,1
C:\SoundModel\data\gtzan\features\blues_blues.00072_chunk1.npy,blues,0
C:\SoundModel\data\gtzan\features\disco_disco.00018_chunk0.npy,disco,3
C:\SoundModel\data\gtzan\features\classical_classical.00053_chunk2.npy,classical,1
C:\SoundModel\data\gtzan\features\rock_rock.00043_chunk0.npy,rock,9
C:\SoundModel\data\gtzan\features\reggae_reggae.00051_chunk1.npy,reggae,8
C:\SoundModel\data\gtzan\features\rock_rock.00014_chunk2.npy,rock,9
C:\SoundModel\data\gtzan\features\country_country.00050_chunk2.npy,country,2
C:\SoundModel\data\gtzan\features\pop_pop.00049_chunk1.npy,pop,7
C:\SoundModel\data\gtzan\features\pop_pop.00086_chunk1.npy,pop,7
C:\SoundModel\data\gtzan\features\country_country.00085_chunk2.npy,country,2
C:\SoundModel\data\gtzan\features\hiphop_hiphop.00053_chunk2.npy,hiphop,4
C:\SoundModel\data\gtzan\features\reggae_reggae.00009_chunk2.npy,reggae,8
C:\SoundModel\data\gtzan\features\classical_classical.00014_chunk2.npy,classical,1
C:\SoundModel\data\gtzan\features\blues_blues.00068_chunk1.npy,blues,0
C:\SoundModel\data\gtzan\features\hiphop_hiphop.00045_chunk0.npy,hiphop,4
C:\SoundModel\data\gtzan\features\rock_rock.00045_chunk2.npy,rock,9
C:\SoundModel\data\gtzan\features\disco_disco.00054_chunk0.npy,disco,3
C:\SoundModel\data\gtzan\features\blues_blues.00070_chunk0.npy,blues,0
C:\SoundModel\data\gtzan\features\metal_metal.00099_chunk2.npy,metal,6
C:\SoundModel\data\gtzan\features\jazz_jazz.00037_chunk2.npy,jazz,5
C:\SoundModel\data\gtzan\features\reggae_reggae.00043_chunk2.npy,reggae,8
C:\SoundModel\data\gtzan\features\classical_classical.00066_chunk2.npy,classical,1
C:\SoundModel\data\gtzan\features\blues_blues.00020_chunk0.npy,blues,0
C:\SoundModel\data\gtzan\features\reggae_reggae.00064_chunk0.npy,reggae,8
C:\SoundModel\data\gtzan\features\jazz_jazz.00001_chunk0.npy,jazz,5
C:\SoundModel\data\gtzan\features\blues_blues.00029_chunk1.npy,blues,0
C:\SoundModel\data\gtzan\features\country_country.00062_chunk1.npy,country,2
C:\SoundModel\data\gtzan\features\classical_classical.00055_chunk0.npy,classical,1
C:\SoundModel\data\gtzan\features\classical_classical.00063_chunk1.npy,classical,1
C:\SoundModel\data\gtzan\features\reggae_reggae.00037_chunk1.npy,reggae,8
C:\SoundModel\data\gtzan\features\metal_metal.00063_chunk1.npy,metal,6
C:\SoundModel\data\gtzan\features\blues_blues.00098_chunk2.npy,blues,0
C:\SoundModel\data\gtzan\features\hiphop_hiphop.00002_chunk2.npy,hiphop,4
C:\SoundModel\data\gtzan\features\hiphop_hiphop.00019_chunk1.npy,hiphop,4
C:\SoundModel\data\gtzan\features\country_country.00052_chunk2.npy,country,2
C:\SoundModel\data\gtzan\features\pop_pop.00002_chunk1.npy,pop,7
C:\SoundModel\data\gtzan\features\rock_rock.00000_chunk1.npy,rock,9
C:\SoundModel\data\gtzan\features\metal_metal.00040_chunk1.npy,metal,6
C:\SoundModel\data\gtzan\features\metal_metal.00059_chunk2.npy,metal,6
C:\SoundModel\data\gtzan\features\metal_metal.00063_chunk0.npy,metal,6
C:\SoundModel\data\gtzan\features\disco_disco.00058_chunk0.npy,disco,3
C:\SoundModel\data\gtzan\features\disco_disco.00012_chunk0.npy,disco,3
C:\SoundModel\data\gtzan\features\pop_pop.00094_chunk1.npy,pop,7
C:\SoundModel\data\gtzan\features\jazz_jazz.00089_chunk2.npy,jazz,5
C:\SoundModel\data\gtzan\features\metal_metal.00071_chunk1.npy,metal,6
C:\SoundModel\data\gtzan\features\disco_disco.00062_chunk2.npy,disco,3
C:\SoundModel\data\gtzan\features\jazz_jazz.00078_chunk0.npy,jazz,5
C:\SoundModel\data\gtzan\features\disco_disco.00061_chunk2.npy,disco,3
C:\SoundModel\data\gtzan\features\blues_blues.00094_chunk1.npy,blues,0
C:\SoundModel\data\gtzan\features\disco_disco.00003_chunk1.npy,disco,3
C:\SoundModel\data\gtzan\features\pop_pop.00041_chunk1.npy,pop,7
C:\SoundModel\data\gtzan\features\rock_rock.00006_chunk1.npy,rock,9
C:\SoundModel\data\gtzan\features\pop_pop.00085_chunk1.npy,pop,7
C:\SoundModel\data\gtzan\features\metal_metal.00003_chunk0.npy,metal,6
C:\SoundModel\data\gtzan\features\metal_metal.00027_chunk0.npy,metal,6
C:\SoundModel\data\gtzan\features\disco_disco.00038_chunk2.npy,disco,3
C:\SoundModel\data\gtzan\features\reggae_reggae.00035_chunk1.npy,reggae,8
C:\SoundModel\data\gtzan\features\blues_blues.00084_chunk2.npy,blues,0
C:\SoundModel\data\gtzan\features\metal_metal.00049_chunk2.npy,metal,6
C:\SoundModel\data\gtzan\features\blues_blues.00017_chunk2.npy,blues,0
C:\SoundModel\data\gtzan\features\rock_rock.00062_chunk1.npy,rock,9
C:\SoundModel\data\gtzan\features\disco_disco.00047_chunk1.npy,disco,3
C:\SoundModel\data\gtzan\features\disco_disco.00093_chunk2.npy,disco,3
C:\SoundModel\data\gtzan\features\country_country.00070_chunk0.npy,country,2
C:\SoundModel\data\gtzan\features\classical_classical.00070_chunk2.npy,classical,1
C:\SoundModel\data\gtzan\features\jazz_jazz.00029_chunk2.npy,jazz,5
C:\SoundModel\data\gtzan\features\pop_pop.00075_chunk0.npy,pop,7
C:\SoundModel\data\gtzan\features\country_country.00029_chunk1.npy,country,2
C:\SoundModel\data\gtzan\features\country_country.00053_chunk1.npy,country,2
C:\SoundModel\data\gtzan\features\country_country.00089_chunk0.npy,country,2
C:\SoundModel\data\gtzan\features\country_country.00001_chunk2.npy,country,2
C:\SoundModel\data\gtzan\features\hiphop_hiphop.00096_chunk1.npy,hiphop,4
C:\SoundModel\data\gtzan\features\disco_disco.00026_chunk1.npy,disco,3
C:\SoundModel\data\gtzan\features\classical_classical.00090_chunk1.npy,classical,1
C:\SoundModel\data\gtzan\features\disco_disco.00018_chunk2.npy,disco,3
C:\SoundModel\data\gtzan\features\reggae_reggae.00052_chunk0.npy,reggae,8
C:\SoundModel\data\gtzan\features\disco_disco.00037_chunk2.npy,disco,3
C:\SoundModel\data\gtzan\features\disco_disco.00063_chunk2.npy,disco,3
C:\SoundModel\data\gtzan\features\pop_pop.00032_chunk0.npy,pop,7
C:\SoundModel\data\gtzan\features\jazz_jazz.00095_chunk2.npy,jazz,5
C:\SoundModel\data\gtzan\features\classical_classical.00033_chunk0.npy,classical,1
C:\SoundModel\data\gtzan\features\classical_classical.00064_chunk0.npy,classical,1
C:\SoundModel\data\gtzan\features\rock_rock.00085_chunk0.npy,rock,9
C:\SoundModel\data\gtzan\features\blues_blues.00080_chunk2.npy,blues,0
C:\SoundModel\data\gtzan\features\reggae_reggae.00025_chunk1.npy,reggae,8
C:\SoundModel\data\gtzan\features\blues_blues.00084_chunk1.npy,blues,0
C:\SoundModel\data\gtzan\features\pop_pop.00070_chunk0.npy,pop,7
C:\SoundModel\data\gtzan\features\pop_pop.00003_chunk2.npy,pop,7
C:\SoundModel\data\gtzan\features\metal_metal.00079_chunk0.npy,metal,6
C:\SoundModel\data\gtzan\features\country_country.00033_chunk2.npy,country,2
C:\SoundModel\data\gtzan\features\blues_blues.00071_chunk1.npy,blues,0
C:\SoundModel\data\gtzan\features\reggae_reggae.00006_chunk0.npy,reggae,8
C:\SoundModel\data\gtzan\features\hiphop_hiphop.00015_chunk1.npy,hiphop,4
C:\SoundModel\data\gtzan\features\metal_metal.00041_chunk0.npy,metal,6
C:\SoundModel\data\gtzan\features\jazz_jazz.00075_chunk1.npy,jazz,5
C:\SoundModel\data\gtzan\features\metal_metal.00005_chunk0.npy,metal,6
C:\SoundModel\data\gtzan\features\country_country.00074_chunk1.npy,country,2
C:\SoundModel\data\gtzan\features\metal_metal.00082_chunk2.npy,metal,6
C:\SoundModel\data\gtzan\features\pop_pop.00078_chunk1.npy,pop,7
C:\SoundModel\data\gtzan\features\pop_pop.00091_chunk2.npy,pop,7
C:\SoundModel\data\gtzan\features\reggae_reggae.00096_chunk1.npy,reggae,8
C:\SoundModel\data\gtzan\features\rock_rock.00055_chunk2.npy,rock,9
C:\SoundModel\data\gtzan\features\reggae_reggae.00088_chunk0.npy,reggae,8
C:\SoundModel\data\gtzan\features\reggae_reggae.00037_chunk0.npy,reggae,8
C:\SoundModel\data\gtzan\features\blues_blues.00099_chunk1.npy,blues,0
C:\SoundModel\data\gtzan\features\jazz_jazz.00048_chunk0.npy,jazz,5
C:\SoundModel\data\gtzan\features\reggae_reggae.00073_chunk2.npy,reggae,8
C:\SoundModel\data\gtzan\features\disco_disco.00002_chunk0.npy,disco,3
C:\SoundModel\data\gtzan\features\rock_rock.00089_chunk2.npy,rock,9
C:\SoundModel\data\gtzan\features\rock_rock.00080_chunk1.npy,rock,9
C:\SoundModel\data\gtzan\features\classical_classical.00001_chunk1.npy,classical,1
C:\SoundModel\data\gtzan\features\rock_rock.00009_chunk1.npy,rock,9
C:\SoundModel\data\gtzan\features\disco_disco.00006_chunk2.npy,disco,3
C:\SoundModel\data\gtzan\features\country_country.00091_chunk0.npy,country,2
C:\SoundModel\data\gtzan\features\disco_disco.00023_chunk0.npy,disco,3
C:\SoundModel\data\gtzan\features\rock_rock.00079_chunk0.npy,rock,9
C:\SoundModel\data\gtzan\features\jazz_jazz.00031_chunk0.npy,jazz,5
C:\SoundModel\data\gtzan\features\rock_rock.00049_chunk2.npy,rock,9
C:\SoundModel\data\gtzan\features\country_country.00085_chunk0.npy,country,2
C:\SoundModel\data\gtzan\features\classical_classical.00028_chunk1.npy,classical,1
C:\SoundModel\data\gtzan\features\blues_blues.00008_chunk0.npy,blues,0
C:\SoundModel\data\gtzan\features\classical_classical.00018_chunk1.npy,classical,1
C:\SoundModel\data\gtzan\features\classical_classical.00049_chunk0.npy,classical,1
C:\SoundModel\data\gtzan\features\country_country.00066_chunk0.npy,country,2
C:\SoundModel\data\gtzan\features\hiphop_hiphop.00016_chunk0.npy,hiphop,4
C:\SoundModel\data\gtzan\features\reggae_reggae.00093_chunk0.npy,reggae,8
C:\SoundModel\data\gtzan\features\country_country.00005_chunk2.npy,country,2
C:\SoundModel\data\gtzan\features\classical_classical.00012_chunk2.npy,classical,1
C:\SoundModel\data\gtzan\features\country_country.00025_chunk1.npy,country,2
C:\SoundModel\data\gtzan\features\jazz_jazz.00006_chunk0.npy,jazz,5
C:\SoundModel\data\gtzan\features\disco_disco.00006_chunk0.npy,disco,3
C:\SoundModel\data\gtzan\features\country_country.00040_chunk0.npy,country,2
C:\SoundModel\data\gtzan\features\metal_metal.00015_chunk1.npy,metal,6
C:\SoundModel\data\gtzan\features\disco_disco.00011_chunk1.npy,disco,3
C:\SoundModel\data\gtzan\features\metal_metal.00042_chunk2.npy,metal,6
C:\SoundModel\data\gtzan\features\jazz_jazz.00005_chunk2.npy,jazz,5
C:\SoundModel\data\gtzan\features\pop_pop.00091_chunk1.npy,pop,7
C:\SoundModel\data\gtzan\features\hiphop_hiphop.00071_chunk0.npy,hiphop,4
C:\SoundModel\data\gtzan\features\metal_metal.00026_chunk0.npy,metal,6
C:\SoundModel\data\gtzan\features\classical_classical.00045_chunk1.npy,classical,1
C:\SoundModel\data\gtzan\features\country_country.00056_chunk1.npy,country,2
C:\SoundModel\data\gtzan\features\jazz_jazz.00010_chunk2.npy,jazz,5
C:\SoundModel\data\gtzan\features\classical_classical.00053_chunk1.npy,classical,1
C:\SoundModel\data\gtzan\features\reggae_reggae.00033_chunk1.npy,reggae,8
C:\SoundModel\data\gtzan\features\reggae_reggae.00020_chunk1.npy,reggae,8
C:\SoundModel\data\gtzan\features\hiphop_hiphop.00006_chunk0.npy,hiphop,4
C:\SoundModel\data\gtzan\features\pop_pop.00023_chunk2.npy,pop,7
C:\SoundModel\data\gtzan\features\hiphop_hiphop.00027_chunk1.npy,hiphop,4
C:\SoundModel\data\gtzan\features\rock_rock.00023_chunk0.npy,rock,9
C:\SoundModel\data\gtzan\features\disco_disco.00079_chunk1.npy,disco,3
C:\SoundModel\data\gtzan\features\rock_rock.00090_chunk0.npy,rock,9
C:\SoundModel\data\gtzan\features\classical_classical.00089_chunk2.npy,classical,1
C:\SoundModel\data\gtzan\features\reggae_reggae.00054_chunk0.npy,reggae,8
C:\SoundModel\data\gtzan\features\country_country.00016_chunk0.npy,country,2
C:\SoundModel\data\gtzan\features\disco_disco.00017_chunk0.npy,disco,3
C:\SoundModel\data\gtzan\features\blues_blues.00056_chunk0.npy,blues,0
C:\SoundModel\data\gtzan\features\reggae_reggae.00032_chunk2.npy,reggae,8
C:\SoundModel\data\gtzan\features\country_country.00056_chunk0.npy,country,2
C:\SoundModel\data\gtzan\features\rock_rock.00035_chunk1.npy,rock,9
C:\SoundModel\data\gtzan\features\disco_disco.00020_chunk1.npy,disco,3
C:\SoundModel\data\gtzan\features\blues_blues.00058_chunk1.npy,blues,0
C:\SoundModel\data\gtzan\features\rock_rock.00070_chunk0.npy,rock,9
C:\SoundModel\data\gtzan\features\country_country.00009_chunk0.npy,country,2
C:\SoundModel\data\gtzan\features\hiphop_hiphop.00005_chunk0.npy,hiphop,4
C:\SoundModel\data\gtzan\features\country_country.00040_chunk2.npy,country,2
C:\SoundModel\data\gtzan\features\country_country.00065_chunk2.npy,country,2
C:\SoundModel\data\gtzan\features\classical_classical.00017_chunk1.npy,classical,1
C:\SoundModel\data\gtzan\features\rock_rock.00054_chunk0.npy,rock,9
C:\SoundModel\data\gtzan\features\blues_blues.00010_chunk1.npy,blues,0
C:\SoundModel\data\gtzan\features\hiphop_hiphop.00047_chunk2.npy,hiphop,4
C:\SoundModel\data\gtzan\features\hiphop_hiphop.00073_chunk2.npy,hiphop,4
C:\SoundModel\data\gtzan\features\rock_rock.00052_chunk0.npy,rock,9
C:\SoundModel\data\gtzan\features\disco_disco.00042_chunk0.npy,disco,3
C:\SoundModel\data\gtzan\features\disco_disco.00059_chunk2.npy,disco,3
C:\SoundModel\data\gtzan\features\metal_metal.00084_chunk0.npy,metal,6
C:\SoundModel\data\gtzan\features\jazz_jazz.00038_chunk2.npy,jazz,5
C:\SoundModel\data\gtzan\features\classical_classical.00054_chunk2.npy,classical,1
C:\SoundModel\data\gtzan\features\metal_metal.00085_chunk2.npy,metal,6
C:\SoundModel\data\gtzan\features\rock_rock.00086_chunk2.npy,rock,9
C:\SoundModel\data\gtzan\features\rock_rock.00016_chunk0.npy,rock,9
C:\SoundModel\data\gtzan\features\blues_blues.00017_chunk1.npy,blues,0
C:\SoundModel\data\gtzan\features\rock_rock.00098_chunk1.npy,rock,9
C:\SoundModel\data\gtzan\features\reggae_reggae.00037_chunk2.npy,reggae,8
C:\SoundModel\data\gtzan\features\metal_metal.00021_chunk0.npy,metal,6
C:\SoundModel\data\gtzan\features\blues_blues.00067_chunk1.npy,blues,0
C:\SoundModel\data\gtzan\features\rock_rock.00071_chunk1.npy,rock,9
C:\SoundModel\data\gtzan\features\classical_classical.00091_chunk0.npy,classical,1
C:\SoundModel\data\gtzan\features\reggae_reggae.00080_chunk1.npy,reggae,8
C:\SoundModel\data\gtzan\features\country_country.00074_chunk0.npy,country,2
C:\SoundModel\data\gtzan\features\pop_pop.00004_chunk0.npy,pop,7
C:\SoundModel\data\gtzan\features\blues_blues.00018_chunk2.npy,blues,0
C:\SoundModel\data\gtzan\features\metal_metal.00052_chunk2.npy,metal,6
C:\SoundModel\data\gtzan\features\hiphop_hiphop.00026_chunk1.npy,hiphop,4
C:\SoundModel\data\gtzan\features\reggae_reggae.00083_chunk0.npy,reggae,8
C:\SoundModel\data\gtzan\features\jazz_jazz.00026_chunk2.npy,jazz,5
C:\SoundModel\data\gtzan\features\blues_blues.00007_chunk0.npy,blues,0
C:\SoundModel\data\gtzan\features\classical_classical.00075_chunk1.npy,classical,1
C:\SoundModel\data\gtzan\features\metal_metal.00077_chunk2.npy,metal,6
C:\SoundModel\data\gtzan\features\jazz_jazz.00061_chunk1.npy,jazz,5
C:\SoundModel\data\gtzan\features\disco_disco.00031_chunk1.npy,disco,3
C:\SoundModel\data\gtzan\features\metal_metal.00087_chunk1.npy,metal,6
C:\SoundModel\data\gtzan\features\country_country.00019_chunk0.npy,country,2
C:\SoundModel\data\gtzan\features\disco_disco.00028_chunk1.npy,disco,3
C:\SoundModel\data\gtzan\features\country_country.00015_chunk0.npy,country,2
C:\SoundModel\data\gtzan\features\rock_rock.00061_chunk1.npy,rock,9
C:\SoundModel\data\gtzan\features\classical_classical.00031_chunk1.npy,classical,1
C:\SoundModel\data\gtzan\features\rock_rock.00049_chunk0.npy,rock,9
C:\SoundModel\data\gtzan\features\classical_classical.00039_chunk0.npy,classical,1
C:\SoundModel\data\gtzan\features\hiphop_hiphop.00071_chunk1.npy,hiphop,4
C:\SoundModel\data\gtzan\features\blues_blues.00000_chunk0.npy,blues,0
C:\SoundModel\data\gtzan\features\jazz_jazz.00030_chunk0.npy,jazz,5
C:\SoundModel\data\gtzan\features\rock_rock.00033_chunk2.npy,rock,9
C:\SoundModel\data\gtzan\features\classical_classical.00007_chunk2.npy,classical,1
C:\SoundModel\data\gtzan\features\disco_disco.00024_chunk0.npy,disco,3
C:\SoundModel\data\gtzan\features\reggae_reggae.00089_chunk0.npy,reggae,8
C:\SoundModel\data\gtzan\features\rock_rock.00025_chunk1.npy,rock,9
C:\SoundModel\data\gtzan\features\disco_disco.00046_chunk1.npy,disco,3
C:\SoundModel\data\gtzan\features\classical_classical.00087_chunk1.npy,classical,1
C:\SoundModel\data\gtzan\features\hiphop_hiphop.00028_chunk2.npy,hiphop,4
C:\SoundModel\data\gtzan\features\jazz_jazz.00075_chunk0.npy,jazz,5
C:\SoundModel\data\gtzan\features\jazz_jazz.00015_chunk0.npy,jazz,5
C:\SoundModel\data\gtzan\features\hiphop_hiphop.00048_chunk0.npy,hiphop,4
C:\SoundModel\data\gtzan\features\pop_pop.00030_chunk0.npy,pop,7
C:\SoundModel\data\gtzan\features\rock_rock.00045_chunk0.npy,rock,9
C:\SoundModel\data\gtzan\features\pop_pop.00042_chunk0.npy,pop,7
C:\SoundModel\data\gtzan\features\hiphop_hiphop.00002_chunk1.npy,hiphop,4
C:\SoundModel\data\gtzan\features\rock_rock.00003_chunk1.npy,rock,9
C:\SoundModel\data\gtzan\features\rock_rock.00076_chunk0.npy,rock,9
C:\SoundModel\data\gtzan\features\classical_classical.00033_chunk1.npy,classical,1
C:\SoundModel\data\gtzan\features\jazz_jazz.00069_chunk2.npy,jazz,5
C:\SoundModel\data\gtzan\features\jazz_jazz.00086_chunk0.npy,jazz,5
C:\SoundModel\data\gtzan\features\reggae_reggae.00067_chunk1.npy,reggae,8
C:\SoundModel\data\gtzan\features\rock_rock.00042_chunk0.npy,rock,9
C:\SoundModel\data\gtzan\features\country_country.00072_chunk2.npy,country,2
C:\SoundModel\data\gtzan\features\rock_rock.00088_chunk2.npy,rock,9
C:\SoundModel\data\gtzan\features\metal_metal.00079_chunk2.npy,metal,6
C:\SoundModel\data\gtzan\features\hiphop_hiphop.00075_chunk2.npy,hiphop,4
C:\SoundModel\data\gtzan\features\hiphop_hiphop.00073_chunk0.npy,hiphop,4
C:\SoundModel\data\gtzan\features\blues_blues.00098_chunk1.npy,blues,0
C:\SoundModel\data\gtzan\features\pop_pop.00096_chunk1.npy,pop,7
C:\SoundModel\data\gtzan\features\rock_rock.00054_chunk1.npy,rock,9
C:\SoundModel\data\gtzan\features\pop_pop.00063_chunk1.npy,pop,7
C:\SoundModel\data\gtzan\features\blues_blues.00032_chunk0.npy,blues,0
C:\SoundModel\data\gtzan\features\country_country.00015_chunk2.npy,country,2
C:\SoundModel\data\gtzan\features\rock_rock.00075_chunk2.npy,rock,9
C:\SoundModel\data\gtzan\features\blues_blues.00029_chunk0.npy,blues,0
C:\SoundModel\data\gtzan\features\hiphop_hiphop.00050_chunk0.npy,hiphop,4
C:\SoundModel\data\gtzan\features\reggae_reggae.00016_chunk2.npy,reggae,8
C:\SoundModel\data\gtzan\features\hiphop_hiphop.00012_chunk2.npy,hiphop,4
C:\SoundModel\data\gtzan\features\jazz_jazz.00022_chunk0.npy,jazz,5
C:\SoundModel\data\gtzan\features\blues_blues.00002_chunk0.npy,blues,0
C:\SoundModel\data\gtzan\features\hiphop_hiphop.00011_chunk0.npy,hiphop,4
C:\SoundModel\data\gtzan\features\metal_metal.00014_chunk2.npy,metal,6
C:\SoundModel\data\gtzan\features\metal_metal.00012_chunk0.npy,metal,6
C:\SoundModel\data\gtzan\features\country_country.00086_chunk2.npy,country,2
C:\SoundModel\data\gtzan\features\blues_blues.00006_chunk1.npy,blues,0
C:\SoundModel\data\gtzan\features\jazz_jazz.00050_chunk2.npy,jazz,5
C:\SoundModel\data\gtzan\features\rock_rock.00073_chunk1.npy,rock,9
C:\SoundModel\data\gtzan\features\reggae_reggae.00099_chunk2.npy,reggae,8
C:\SoundModel\data\gtzan\features\country_country.00050_chunk1.npy,country,2
C:\SoundModel\data\gtzan\features\country_country.00024_chunk1.npy,country,2
C:\SoundModel\data\gtzan\features\metal_metal.00070_chunk2.npy,metal,6
C:\SoundModel\data\gtzan\features\blues_blues.00037_chunk1.npy,blues,0
C:\SoundModel\data\gtzan\features\disco_disco.00043_chunk1.npy,disco,3
C:\SoundModel\data\gtzan\features\metal_metal.00033_chunk2.npy,metal,6
C:\SoundModel\data\gtzan\features\metal_metal.00084_chunk1.npy,metal,6
C:\SoundModel\data\gtzan\features\country_country.00099_chunk0.npy,country,2
C:\SoundModel\data\gtzan\features\rock_rock.00019_chunk0.npy,rock,9
C:\SoundModel\data\gtzan\features\country_country.00086_chunk0.npy,country,2
C:\SoundModel\data\gtzan\features\classical_classical.00040_chunk1.npy,classical,1
C:\SoundModel\data\gtzan\features\pop_pop.00010_chunk1.npy,pop,7
C:\SoundModel\data\gtzan\features\country_country.00088_chunk0.npy,country,2
C:\SoundModel\data\gtzan\features\reggae_reggae.00084_chunk0.npy,reggae,8
C:\SoundModel\data\gtzan\features\reggae_reggae.00056_chunk2.npy,reggae,8
C:\SoundModel\data\gtzan\features\metal_metal.00035_chunk2.npy,metal,6
C:\SoundModel\data\gtzan\features\metal_metal.00071_chunk2.npy,metal,6
C:\SoundModel\data\gtzan\features\blues_blues.00019_chunk2.npy,blues,0
C:\SoundModel\data\gtzan\features\blues_blues.00073_chunk0.npy,blues,0
C:\SoundModel\data\gtzan\features\rock_rock.00000_chunk2.npy,rock,9
C:\SoundModel\data\gtzan\features\hiphop_hiphop.00076_chunk1.npy,hiphop,4
C:\SoundModel\data\gtzan\features\disco_disco.00055_chunk0.npy,disco,3
C:\SoundModel\data\gtzan\features\disco_disco.00065_chunk2.npy,disco,3
C:\SoundModel\data\gtzan\features\hiphop_hiphop.00030_chunk2.npy,hiphop,4
C:\SoundModel\data\gtzan\features\blues_blues.00046_chunk0.npy,blues,0
C:\SoundModel\data\gtzan\features\rock_rock.00014_chunk1.npy,rock,9
C:\SoundModel\data\gtzan\features\rock_rock.00069_chunk0.npy,rock,9
C:\SoundModel\data\gtzan\features\blues_blues.00028_chunk1.npy,blues,0
C:\SoundModel\data\gtzan\features\rock_rock.00019_chunk2.npy,rock,9
C:\SoundModel\data\gtzan\features\hiphop_hiphop.00071_chunk2.npy,hiphop,4
C:\SoundModel\data\gtzan\features\blues_blues.00020_chunk1.npy,blues,0
C:\SoundModel\data\gtzan\features\jazz_jazz.00085_chunk2.npy,jazz,5
C:\SoundModel\data\gtzan\features\jazz_jazz.00082_chunk0.npy,jazz,5
C:\SoundModel\data\gtzan\features\jazz_jazz.00002_chunk2.npy,jazz,5
C:\SoundModel\data\gtzan\features\reggae_reggae.00089_chunk2.npy,reggae,8
C:\SoundModel\data\gtzan\features\jazz_jazz.00066_chunk1.npy,jazz,5
C:\SoundModel\data\gtzan\features\metal_metal.00030_chunk2.npy,metal,6
C:\SoundModel\data\gtzan\features\metal_metal.00044_chunk1.npy,metal,6
C:\SoundModel\data\gtzan\features\disco_disco.00085_chunk1.npy,disco,3
C:\SoundModel\data\gtzan\features\jazz_jazz.00002_chunk1.npy,jazz,5
C:\SoundModel\data\gtzan\features\reggae_reggae.00050_chunk1.npy,reggae,8
C:\SoundModel\data\gtzan\features\reggae_reggae.00099_chunk1.npy,reggae,8
C:\SoundModel\data\gtzan\features\classical_classical.00035_chunk1.npy,classical,1
C:\SoundModel\data\gtzan\features\jazz_jazz.00014_chunk2.npy,jazz,5
C:\SoundModel\data\gtzan\features\rock_rock.00071_chunk0.npy,rock,9
C:\SoundModel\data\gtzan\features\classical_classical.00054_chunk0.npy,classical,1
C:\SoundModel\data\gtzan\features\disco_disco.00062_chunk0.npy,disco,3
C:\SoundModel\data\gtzan\features\metal_metal.00085_chunk0.npy,metal,6
C:\SoundModel\data\gtzan\features\jazz_jazz.00077_chunk0.npy,jazz,5
C:\SoundModel\data\gtzan\features\rock_rock.00079_chunk1.npy,rock,9
C:\SoundModel\data\gtzan\features\country_country.00055_chunk2.npy,country,2
C:\SoundModel\data\gtzan\features\rock_rock.00043_chunk2.npy,rock,9
C:\SoundModel\data\gtzan\features\jazz_jazz.00092_chunk0.npy,jazz,5
C:\SoundModel\data\gtzan\features\hiphop_hiphop.00065_chunk2.npy,hiphop,4
C:\SoundModel\data\gtzan\features\jazz_jazz.00003_chunk1.npy,jazz,5
C:\SoundModel\data\gtzan\features\rock_rock.00095_chunk0.npy,rock,9
C:\SoundModel\data\gtzan\features\disco_disco.00028_chunk0.npy,disco,3
C:\SoundModel\data\gtzan\features\rock_rock.00081_chunk0.npy,rock,9
C:\SoundModel\data\gtzan\features\disco_disco.00023_chunk1.npy,disco,3
C:\SoundModel\data\gtzan\features\hiphop_hiphop.00019_chunk2.npy,hiphop,4
C:\SoundModel\data\gtzan\features\jazz_jazz.00047_chunk0.npy,jazz,5
C:\SoundModel\data\gtzan\features\rock_rock.00058_chunk2.npy,rock,9
C:\SoundModel\data\gtzan\features\metal_metal.00069_chunk2.npy,metal,6
C:\SoundModel\data\gtzan\features\disco_disco.00019_chunk2.npy,disco,3
C:\SoundModel\data\gtzan\features\reggae_reggae.00075_chunk0.npy,reggae,8
C:\SoundModel\data\gtzan\features\jazz_jazz.00064_chunk1.npy,jazz,5
C:\SoundModel\data\gtzan\features\disco_disco.00033_chunk2.npy,disco,3
C:\SoundModel\data\gtzan\features\classical_classical.00055_chunk1.npy,classical,1
C:\SoundModel\data\gtzan\features\disco_disco.00091_chunk0.npy,disco,3
C:\SoundModel\data\gtzan\features\metal_metal.00039_chunk2.npy,metal,6
C:\SoundModel\data\gtzan\features\blues_blues.00060_chunk0.npy,blues,0
C:\SoundModel\data\gtzan\features\metal_metal.00091_chunk0.npy,metal,6
C:\SoundModel\data\gtzan\features\blues_blues.00060_chunk1.npy,blues,0
C:\SoundModel\data\gtzan\features\country_country.00099_chunk2.npy,country,2
C:\SoundModel\data\gtzan\features\country_country.00008_chunk2.npy,country,2
C:\SoundModel\data\gtzan\features\classical_classical.00063_chunk2.npy,classical,1
C:\SoundModel\data\gtzan\features\blues_blues.00053_chunk2.npy,blues,0
C:\SoundModel\data\gtzan\features\blues_blues.00063_chunk0.npy,blues,0
C:\SoundModel\data\gtzan\features\blues_blues.00030_chunk0.npy,blues,0
C:\SoundModel\data\gtzan\features\pop_pop.00014_chunk0.npy,pop,7
C:\SoundModel\data\gtzan\features\pop_pop.00051_chunk2.npy,pop,7
C:\SoundModel\data\gtzan\features\hiphop_hiphop.00020_chunk2.npy,hiphop,4
C:\SoundModel\data\gtzan\features\pop_pop.00011_chunk2.npy,pop,7
C:\SoundModel\data\gtzan\features\reggae_reggae.00027_chunk0.npy,reggae,8
C:\SoundModel\data\gtzan\features\hiphop_hiphop.00096_chunk0.npy,hiphop,4
C:\SoundModel\data\gtzan\features\jazz_jazz.00093_chunk2.npy,jazz,5
C:\SoundModel\data\gtzan\features\country_country.00000_chunk2.npy,country,2
C:\SoundModel\data\gtzan\features\rock_rock.00099_chunk0.npy,rock,9
C:\SoundModel\data\gtzan\features\disco_disco.00074_chunk0.npy,disco,3
C:\SoundModel\data\gtzan\features\pop_pop.00037_chunk0.npy,pop,7
C:\SoundModel\data\gtzan\features\pop_pop.00031_chunk2.npy,pop,7
C:\SoundModel\data\gtzan\features\hiphop_hiphop.00069_chunk1.npy,hiphop,4
C:\SoundModel\data\gtzan\features\jazz_jazz.00008_chunk1.npy,jazz,5
C:\SoundModel\data\gtzan\features\metal_metal.00048_chunk2.npy,metal,6
C:\SoundModel\data\gtzan\features\classical_classical.00063_chunk0.npy,classical,1
C:\SoundModel\data\gtzan\features\reggae_reggae.00041_chunk0.npy,reggae,8
C:\SoundModel\data\gtzan\features\rock_rock.00078_chunk0.npy,rock,9
C:\SoundModel\data\gtzan\features\disco_disco.00050_chunk2.npy,disco,3
C:\SoundModel\data\gtzan\features\rock_rock.00084_chunk1.npy,rock,9
C:\SoundModel\data\gtzan\features\pop_pop.00051_chunk0.npy,pop,7
C:\SoundModel\data\gtzan\features\blues_blues.00096_chunk2.npy,blues,0
C:\SoundModel\data\gtzan\features\pop_pop.00007_chunk1.npy,pop,7
C:\SoundModel\data\gtzan\features\pop_pop.00027_chunk1.npy,pop,7
C:\SoundModel\data\gtzan\features\reggae_reggae.00078_chunk1.npy,reggae,8
C:\SoundModel\data\gtzan\features\hiphop_hiphop.00088_chunk1.npy,hiphop,4
C:\SoundModel\data\gtzan\features\pop_pop.00087_chunk1.npy,pop,7
C:\SoundModel\data\gtzan\features\rock_rock.00033_chunk0.npy,rock,9
C:\SoundModel\data\gtzan\features\hiphop_hiphop.00096_chunk2.npy,hiphop,4
C:\SoundModel\data\gtzan\features\blues_blues.00041_chunk1.npy,blues,0
C:\SoundModel\data\gtzan\features\hiphop_hiphop.00062_chunk1.npy,hiphop,4
C:\SoundModel\data\gtzan\features\metal_metal.00041_chunk1.npy,metal,6
C:\SoundModel\data\gtzan\features\blues_blues.00004_chunk0.npy,blues,0
C:\SoundModel\data\gtzan\features\reggae_reggae.00066_chunk0.npy,reggae,8
C:\SoundModel\data\gtzan\features\classical_classical.00000_chunk1.npy,classical,1
C:\SoundModel\data\gtzan\features\blues_blues.00099_chunk2.npy,blues,0
C:\SoundModel\data\gtzan\features\classical_classical.00011_chunk1.npy,classical,1
C:\SoundModel\data\gtzan\features\hiphop_hiphop.00081_chunk1.npy,hiphop,4
C:\SoundModel\data\gtzan\features\jazz_jazz.00005_chunk1.npy,jazz,5
C:\SoundModel\data\gtzan\features\country_country.00046_chunk0.npy,country,2
C:\SoundModel\data\gtzan\features\jazz_jazz.00042_chunk1.npy,jazz,5
C:\SoundModel\data\gtzan\features\metal_metal.00008_chunk0.npy,metal,6
C:\SoundModel\data\gtzan\features\blues_blues.00048_chunk0.npy,blues,0
C:\SoundModel\data\gtzan\features\metal_metal.00026_chunk1.npy,metal,6
C:\SoundModel\data\gtzan\features\disco_disco.00073_chunk2.npy,disco,3
C:\SoundModel\data\gtzan\features\metal_metal.00029_chunk1.npy,metal,6
C:\SoundModel\data\gtzan\features\disco_disco.00088_chunk0.npy,disco,3
C:\SoundModel\data\gtzan\features\disco_disco.00025_chunk1.npy,disco,3
C:\SoundModel\data\gtzan\features\country_country.00012_chunk0.npy,country,2
C:\SoundModel\data\gtzan\features\jazz_jazz.00042_chunk2.npy,jazz,5
C:\SoundModel\data\gtzan\features\metal_metal.00078_chunk2.npy,metal,6
C:\SoundModel\data\gtzan\features\reggae_reggae.00065_chunk2.npy,reggae,8
C:\SoundModel\data\gtzan\features\disco_disco.00091_chunk2.npy,disco,3
C:\SoundModel\data\gtzan\features\reggae_reggae.00096_chunk0.npy,reggae,8
C:\SoundModel\data\gtzan\features\metal_metal.00056_chunk0.npy,metal,6
C:\SoundModel\data\gtzan\features\jazz_jazz.00015_chunk1.npy,jazz,5
C:\SoundModel\data\gtzan\features\reggae_reggae.00014_chunk0.npy,reggae,8
C:\SoundModel\data\gtzan\features\reggae_reggae.00024_chunk1.npy,reggae,8
C:\SoundModel\data\gtzan\features\disco_disco.00035_chunk1.npy,disco,3
C:\SoundModel\data\gtzan\features\blues_blues.00069_chunk2.npy,blues,0
C:\SoundModel\data\gtzan\features\rock_rock.00093_chunk0.npy,rock,9
C:\SoundModel\data\gtzan\features\jazz_jazz.00088_chunk0.npy,jazz,5
C:\SoundModel\data\gtzan\features\country_country.00025_chunk2.npy,country,2
C:\SoundModel\data\gtzan\features\hiphop_hiphop.00010_chunk2.npy,hiphop,4
C:\SoundModel\data\gtzan\features\jazz_jazz.00063_chunk1.npy,jazz,5
C:\SoundModel\data\gtzan\features\jazz_jazz.00091_chunk2.npy,jazz,5
C:\SoundModel\data\gtzan\features\reggae_reggae.00029_chunk0.npy,reggae,8
C:\SoundModel\data\gtzan\features\pop_pop.00046_chunk0.npy,pop,7
C:\SoundModel\data\gtzan\features\reggae_reggae.00021_chunk2.npy,reggae,8
C:\SoundModel\data\gtzan\features\metal_metal.00095_chunk2.npy,metal,6
C:\SoundModel\data\gtzan\features\metal_metal.00056_chunk2.npy,metal,6
C:\SoundModel\data\gtzan\features\classical_classical.00017_chunk2.npy,classical,1
C:\SoundModel\data\gtzan\features\jazz_jazz.00023_chunk0.npy,jazz,5
C:\SoundModel\data\gtzan\features\disco_disco.00059_chunk1.npy,disco,3
C:\SoundModel\data\gtzan\features\rock_rock.00065_chunk2.npy,rock,9
C:\SoundModel\data\gtzan\features\classical_classical.00002_chunk1.npy,classical,1
C:\SoundModel\data\gtzan\features\pop_pop.00063_chunk2.npy,pop,7
C:\SoundModel\data\gtzan\features\disco_disco.00077_chunk0.npy,disco,3
C:\SoundModel\data\gtzan\features\metal_metal.00070_chunk0.npy,metal,6
C:\SoundModel\data\gtzan\features\classical_classical.00055_chunk2.npy,classical,1
C:\SoundModel\data\gtzan\features\disco_disco.00084_chunk1.npy,disco,3
C:\SoundModel\data\gtzan\features\country_country.00055_chunk1.npy,country,2
C:\SoundModel\data\gtzan\features\classical_classical.00067_chunk1.npy,classical,1
C:\SoundModel\data\gtzan\features\hiphop_hiphop.00045_chunk1.npy,hiphop,4
C:\SoundModel\data\gtzan\features\reggae_reggae.00022_chunk0.npy,reggae,8
C:\SoundModel\data\gtzan\features\disco_disco.00095_chunk2.npy,disco,3
C:\SoundModel\data\gtzan\features\classical_classical.00014_chunk0.npy,classical,1
C:\SoundModel\data\gtzan\features\country_country.00083_chunk1.npy,country,2
C:\SoundModel\data\gtzan\features\disco_disco.00097_chunk1.npy,disco,3
C:\SoundModel\data\gtzan\features\blues_blues.00004_chunk2.npy,blues,0
C:\SoundModel\data\gtzan\features\rock_rock.00034_chunk1.npy,rock,9
C:\SoundModel\data\gtzan\features\country_country.00064_chunk1.npy,country,2
C:\SoundModel\data\gtzan\features\classical_classical.00077_chunk0.npy,classical,1
C:\SoundModel\data\gtzan\features\blues_blues.00091_chunk2.npy,blues,0
C:\SoundModel\data\gtzan\features\jazz_jazz.00076_chunk2.npy,jazz,5
C:\SoundModel\data\gtzan\features\country_country.00029_chunk2.npy,country,2
C:\SoundModel\data\gtzan\features\blues_blues.00068_chunk0.npy,blues,0
C:\SoundModel\data\gtzan\features\hiphop_hiphop.00053_chunk1.npy,hiphop,4
C:\SoundModel\data\gtzan\features\reggae_reggae.00002_chunk1.npy,reggae,8
C:\SoundModel\data\gtzan\features\hiphop_hiphop.00008_chunk0.npy,hiphop,4
C:\SoundModel\data\gtzan\features\hiphop_hiphop.00014_chunk2.npy,hiphop,4
C:\SoundModel\data\gtzan\features\reggae_reggae.00023_chunk1.npy,reggae,8
C:\SoundModel\data\gtzan\features\jazz_jazz.00003_chunk2.npy,jazz,5
C:\SoundModel\data\gtzan\features\hiphop_hiphop.00057_chunk1.npy,hiphop,4
C:\SoundModel\data\gtzan\features\rock_rock.00026_chunk1.npy,rock,9
C:\SoundModel\data\gtzan\features\country_country.00077_chunk2.npy,country,2
C:\SoundModel\data\gtzan\features\classical_classical.00042_chunk1.npy,classical,1
C:\SoundModel\data\gtzan\features\blues_blues.00093_chunk1.npy,blues,0
C:\SoundModel\data\gtzan\features\blues_blues.00077_chunk1.npy,blues,0
C:\SoundModel\data\gtzan\features\country_country.00075_chunk0.npy,country,2
C:\SoundModel\data\gtzan\features\rock_rock.00012_chunk0.npy,rock,9
C:\SoundModel\data\gtzan\features\blues_blues.00027_chunk2.npy,blues,0
C:\SoundModel\data\gtzan\features\jazz_jazz.00023_chunk1.npy,jazz,5
C:\SoundModel\data\gtzan\features\country_country.00034_chunk2.npy,country,2
C:\SoundModel\data\gtzan\features\pop_pop.00072_chunk2.npy,pop,7
C:\SoundModel\data\gtzan\features\pop_pop.00062_chunk0.npy,pop,7
C:\SoundModel\data\gtzan\features\jazz_jazz.00037_chunk1.npy,jazz,5
C:\SoundModel\data\gtzan\features\blues_blues.00044_chunk2.npy,blues,0
C:\SoundModel\data\gtzan\features\jazz_jazz.00009_chunk2.npy,jazz,5
C:\SoundModel\data\gtzan\features\country_country.00003_chunk0.npy,country,2
C:\SoundModel\data\gtzan\features\hiphop_hiphop.00057_chunk0.npy,hiphop,4
C:\SoundModel\data\gtzan\features\classical_classical.00009_chunk1.npy,classical,1
C:\SoundModel\data\gtzan\features\hiphop_hiphop.00060_chunk2.npy,hiphop,4
C:\SoundModel\data\gtzan\features\blues_blues.00062_chunk1.npy,blues,0
C:\SoundModel\data\gtzan\features\blues_blues.00064_chunk1.npy,blues,0
C:\SoundModel\data\gtzan\features\disco_disco.00080_chunk1.npy,disco,3
C:\SoundModel\data\gtzan\features\classical_classical.00034_chunk1.npy,classical,1
C:\SoundModel\data\gtzan\features\disco_disco.00041_chunk2.npy,disco,3
C:\SoundModel\data\gtzan\features\classical_classical.00009_chunk0.npy,classical,1
C:\SoundModel\data\gtzan\features\rock_rock.00091_chunk1.npy,rock,9
C:\SoundModel\data\gtzan\features\pop_pop.00091_chunk0.npy,pop,7
C:\SoundModel\data\gtzan\features\pop_pop.00005_chunk1.npy,pop,7
C:\SoundModel\data\gtzan\features\hiphop_hiphop.00079_chunk2.npy,hiphop,4
C:\SoundModel\data\gtzan\features\classical_classical.00013_chunk1.npy,classical,1
C:\SoundModel\data\gtzan\features\blues_blues.00083_chunk2.npy,blues,0
C:\SoundModel\data\gtzan\features\hiphop_hiphop.00067_chunk0.npy,hiphop,4
C:\SoundModel\data\gtzan\features\pop_pop.00084_chunk1.npy,pop,7
C:\SoundModel\data\gtzan\features\pop_pop.00073_chunk0.npy,pop,7
C:\SoundModel\data\gtzan\features\blues_blues.00023_chunk2.npy,blues,0
C:\SoundModel\data\gtzan\features\country_country.00027_chunk0.npy,country,2
C:\SoundModel\data\gtzan\features\disco_disco.00088_chunk1.npy,disco,3
C:\SoundModel\data\gtzan\features\disco_disco.00067_chunk0.npy,disco,3
C:\SoundModel\data\gtzan\features\hiphop_hiphop.00070_chunk2.npy,hiphop,4
C:\SoundModel\data\gtzan\features\disco_disco.00049_chunk1.npy,disco,3
C:\SoundModel\data\gtzan\features\jazz_jazz.00051_chunk2.npy,jazz,5
C:\SoundModel\data\gtzan\features\rock_rock.00027_chunk0.npy,rock,9
C:\SoundModel\data\gtzan\features\disco_disco.00091_chunk1.npy,disco,3
C:\SoundModel\data\gtzan\features\rock_rock.00016_chunk2.npy,rock,9
C:\SoundModel\data\gtzan\features\pop_pop.00057_chunk1.npy,pop,7
C:\SoundModel\data\gtzan\features\classical_classical.00072_chunk2.npy,classical,1
C:\SoundModel\data\gtzan\features\classical_classical.00076_chunk0.npy,classical,1
C:\SoundModel\data\gtzan\features\blues_blues.00061_chunk0.npy,blues,0
C:\SoundModel\data\gtzan\features\country_country.00032_chunk2.npy,country,2
C:\SoundModel\data\gtzan\features\rock_rock.00051_chunk2.npy,rock,9
C:\SoundModel\data\gtzan\features\metal_metal.00099_chunk1.npy,metal,6
C:\SoundModel\data\gtzan\features\metal_metal.00081_chunk1.npy,metal,6
C:\SoundModel\data\gtzan\features\rock_rock.00045_chunk1.npy,rock,9
C:\SoundModel\data\gtzan\features\classical_classical.00006_chunk1.npy,classical,1
C:\SoundModel\data\gtzan\features\reggae_reggae.00067_chunk2.npy,reggae,8
C:\SoundModel\data\gtzan\features\hiphop_hiphop.00075_chunk1.npy,hiphop,4
C:\SoundModel\data\gtzan\features\disco_disco.00048_chunk0.npy,disco,3
C:\SoundModel\data\gtzan\features\disco_disco.00005_chunk2.npy,disco,3
C:\SoundModel\data\gtzan\features\jazz_jazz.00027_chunk0.npy,jazz,5
C:\SoundModel\data\gtzan\features\classical_classical.00087_chunk2.npy,classical,1
C:\SoundModel\data\gtzan\features\blues_blues.00061_chunk1.npy,blues,0
C:\SoundModel\data\gtzan\features\reggae_reggae.00090_chunk0.npy,reggae,8
C:\SoundModel\data\gtzan\features\jazz_jazz.00072_chunk1.npy,jazz,5
C:\SoundModel\data\gtzan\features\hiphop_hiphop.00072_chunk2.npy,hiphop,4
C:\SoundModel\data\gtzan\features\rock_rock.00011_chunk1.npy,rock,9
C:\SoundModel\data\gtzan\features\country_country.00028_chunk0.npy,country,2
C:\SoundModel\data\gtzan\features\hiphop_hiphop.00078_chunk0.npy,hiphop,4
C:\SoundModel\data\gtzan\features\metal_metal.00028_chunk0.npy,metal,6
C:\SoundModel\data\gtzan\features\reggae_reggae.00090_chunk1.npy,reggae,8
C:\SoundModel\data\gtzan\features\jazz_jazz.00028_chunk1.npy,jazz,5
C:\SoundModel\data\gtzan\features\country_country.00064_chunk2.npy,country,2
C:\SoundModel\data\gtzan\features\disco_disco.00075_chunk0.npy,disco,3
C:\SoundModel\data\gtzan\features\classical_classical.00045_chunk2.npy,classical,1
C:\SoundModel\data\gtzan\features\hiphop_hiphop.00092_chunk0.npy,hiphop,4
C:\SoundModel\data\gtzan\features\disco_disco.00004_chunk0.npy,disco,3
C:\SoundModel\data\gtzan\features\hiphop_hiphop.00030_chunk1.npy,hiphop,4
C:\SoundModel\data\gtzan\features\reggae_reggae.00082_chunk0.npy,reggae,8
C:\SoundModel\data\gtzan\features\rock_rock.00087_chunk0.npy,rock,9
C:\SoundModel\data\gtzan\features\classical_classical.00094_chunk2.npy,classical,1
C:\SoundModel\data\gtzan\features\hiphop_hiphop.00074_chunk1.npy,hiphop,4
C:\SoundModel\data\gtzan\features\classical_classical.00048_chunk0.npy,classical,1
C:\SoundModel\data\gtzan\features\blues_blues.00090_chunk2.npy,blues,0
C:\SoundModel\data\gtzan\features\rock_rock.00054_chunk2.npy,rock,9
C:\SoundModel\data\gtzan\features\rock_rock.00041_chunk2.npy,rock,9
C:\SoundModel\data\gtzan\features\country_country.00098_chunk2.npy,country,2
C:\SoundModel\data\gtzan\features\country_country.00003_chunk1.npy,country,2
C:\SoundModel\data\gtzan\features\disco_disco.00007_chunk1.npy,disco,3
C:\SoundModel\data\gtzan\features\blues_blues.00074_chunk1.npy,blues,0
C:\SoundModel\data\gtzan\features\rock_rock.00056_chunk1.npy,rock,9
C:\SoundModel\data\gtzan\features\blues_blues.00014_chunk0.npy,blues,0
C:\SoundModel\data\gtzan\features\rock_rock.00004_chunk0.npy,rock,9
C:\SoundModel\data\gtzan\features\classical_classical.00092_chunk0.npy,classical,1
C:\SoundModel\data\gtzan\features\hiphop_hiphop.00007_chunk1.npy,hiphop,4
C:\SoundModel\data\gtzan\features\jazz_jazz.00010_chunk0.npy,jazz,5
C:\SoundModel\data\gtzan\features\pop_pop.00001_chunk2.npy,pop,7
C:\SoundModel\data\gtzan\features\reggae_reggae.00017_chunk1.npy,reggae,8
C:\SoundModel\data\gtzan\features\hiphop_hiphop.00061_chunk1.npy,hiphop,4
C:\SoundModel\data\gtzan\features\disco_disco.00051_chunk0.npy,disco,3
C:\SoundModel\data\gtzan\features\classical_classical.00068_chunk1.npy,classical,1
C:\SoundModel\data\gtzan\features\hiphop_hiphop.00070_chunk1.npy,hiphop,4
C:\SoundModel\data\gtzan\features\classical_classical.00025_chunk0.npy,classical,1
C:\SoundModel\data\gtzan\features\reggae_reggae.00044_chunk0.npy,reggae,8
C:\SoundModel\data\gtzan\features\blues_blues.00026_chunk1.npy,blues,0
C:\SoundModel\data\gtzan\features\pop_pop.00058_chunk2.npy,pop,7
C:\SoundModel\data\gtzan\features\blues_blues.00096_chunk1.npy,blues,0
C:\SoundModel\data\gtzan\features\country_country.00007_chunk0.npy,country,2
C:\SoundModel\data\gtzan\features\hiphop_hiphop.00064_chunk1.npy,hiphop,4
C:\SoundModel\data\gtzan\features\disco_disco.00069_chunk2.npy,disco,3
C:\SoundModel\data\gtzan\features\rock_rock.00073_chunk0.npy,rock,9
C:\SoundModel\data\gtzan\features\reggae_reggae.00056_chunk0.npy,reggae,8
C:\SoundModel\data\gtzan\features\country_country.00016_chunk2.npy,country,2
C:\SoundModel\data\gtzan\features\classical_classical.00038_chunk1.npy,classical,1
C:\SoundModel\data\gtzan\features\jazz_jazz.00012_chunk0.npy,jazz,5
C:\SoundModel\data\gtzan\features\hiphop_hiphop.00034_chunk2.npy,hiphop,4
C:\SoundModel\data\gtzan\features\blues_blues.00000_chunk2.npy,blues,0
C:\SoundModel\data\gtzan\features\hiphop_hiphop.00054_chunk2.npy,hiphop,4
C:\SoundModel\data\gtzan\features\rock_rock.00070_chunk1.npy,rock,9
C:\SoundModel\data\gtzan\features\blues_blues.00075_chunk1.npy,blues,0
C:\SoundModel\data\gtzan\features\reggae_reggae.00047_chunk0.npy,reggae,8
C:\SoundModel\data\gtzan\features\classical_classical.00059_chunk1.npy,classical,1
C:\SoundModel\data\gtzan\features\blues_blues.00059_chunk2.npy,blues,0
C:\SoundModel\data\gtzan\features\country_country.00087_chunk2.npy,country,2
C:\SoundModel\data\gtzan\features\pop_pop.00006_chunk0.npy,pop,7
C:\SoundModel\data\gtzan\features\reggae_reggae.00068_chunk1.npy,reggae,8
C:\SoundModel\data\gtzan\features\pop_pop.00059_chunk1.npy,pop,7
C:\SoundModel\data\gtzan\features\reggae_reggae.00000_chunk1.npy,reggae,8
C:\SoundModel\data\gtzan\features\reggae_reggae.00044_chunk1.npy,reggae,8
C:\SoundModel\data\gtzan\features\hiphop_hiphop.00017_chunk0.npy,hiphop,4
C:\SoundModel\data\gtzan\features\metal_metal.00081_chunk2.npy,metal,6
C:\SoundModel\data\gtzan\features\country_country.00062_chunk2.npy,country,2
C:\SoundModel\data\gtzan\features\metal_metal.00028_chunk2.npy,metal,6
C:\SoundModel\data\gtzan\features\classical_classical.00041_chunk1.npy,classical,1
C:\SoundModel\data\gtzan\features\metal_metal.00054_chunk2.npy,metal,6
C:\SoundModel\data\gtzan\features\metal_metal.00045_chunk0.npy,metal,6
C:\SoundModel\data\gtzan\features\country_country.00009_chunk1.npy,country,2
C:\SoundModel\data\gtzan\features\jazz_jazz.00034_chunk2.npy,jazz,5
C:\SoundModel\data\gtzan\features\country_country.00067_chunk0.npy,country,2
C:\SoundModel\data\gtzan\features\pop_pop.00009_chunk0.npy,pop,7
C:\SoundModel\data\gtzan\features\reggae_reggae.00039_chunk0.npy,reggae,8
C:\SoundModel\data\gtzan\features\metal_metal.00055_chunk0.npy,metal,6
C:\SoundModel\data\gtzan\features\disco_disco.00050_chunk1.npy,disco,3
C:\SoundModel\data\gtzan\features\reggae_reggae.00075_chunk1.npy,reggae,8
C:\SoundModel\data\gtzan\features\metal_metal.00053_chunk2.npy,metal,6
C:\SoundModel\data\gtzan\features\pop_pop.00046_chunk1.npy,pop,7
C:\SoundModel\data\gtzan\features\jazz_jazz.00096_chunk1.npy,jazz,5
C:\SoundModel\data\gtzan\features\rock_rock.00092_chunk1.npy,rock,9
C:\SoundModel\data\gtzan\features\disco_disco.00082_chunk1.npy,disco,3
C:\SoundModel\data\gtzan\features\classical_classical.00097_chunk0.npy,classical,1
C:\SoundModel\data\gtzan\features\classical_classical.00084_chunk0.npy,classical,1
C:\SoundModel\data\gtzan\features\blues_blues.00030_chunk2.npy,blues,0
C:\SoundModel\data\gtzan\features\jazz_jazz.00076_chunk1.npy,jazz,5
C:\SoundModel\data\gtzan\features\jazz_jazz.00032_chunk0.npy,jazz,5
C:\SoundModel\data\gtzan\features\jazz_jazz.00035_chunk1.npy,jazz,5
C:\SoundModel\data\gtzan\features\country_country.00080_chunk0.npy,country,2
C:\SoundModel\data\gtzan\features\reggae_reggae.00064_chunk2.npy,reggae,8
C:\SoundModel\data\gtzan\features\metal_metal.00059_chunk0.npy,metal,6
C:\SoundModel\data\gtzan\features\rock_rock.00026_chunk0.npy,rock,9
C:\SoundModel\data\gtzan\features\disco_disco.00032_chunk0.npy,disco,3
C:\SoundModel\data\gtzan\features\jazz_jazz.00016_chunk0.npy,jazz,5
C:\SoundModel\data\gtzan\features\classical_classical.00085_chunk0.npy,classical,1
C:\SoundModel\data\gtzan\features\country_country.00031_chunk1.npy,country,2
C:\SoundModel\data\gtzan\features\blues_blues.00024_chunk1.npy,blues,0
C:\SoundModel\data\gtzan\features\reggae_reggae.00065_chunk0.npy,reggae,8
C:\SoundModel\data\gtzan\features\reggae_reggae.00071_chunk2.npy,reggae,8
C:\SoundModel\data\gtzan\features\metal_metal.00017_chunk0.npy,metal,6
C:\SoundModel\data\gtzan\features\reggae_reggae.00010_chunk0.npy,reggae,8
C:\SoundModel\data\gtzan\features\disco_disco.00026_chunk0.npy,disco,3
C:\SoundModel\data\gtzan\features\classical_classical.00022_chunk1.npy,classical,1
C:\SoundModel\data\gtzan\features\jazz_jazz.00042_chunk0.npy,jazz,5
C:\SoundModel\data\gtzan\features\jazz_jazz.00072_chunk2.npy,jazz,5
C:\SoundModel\data\gtzan\features\hiphop_hiphop.00029_chunk1.npy,hiphop,4
C:\SoundModel\data\gtzan\features\metal_metal.00004_chunk0.npy,metal,6
C:\SoundModel\data\gtzan\features\jazz_jazz.00094_chunk2.npy,jazz,5
C:\SoundModel\data\gtzan\features\rock_rock.00011_chunk0.npy,rock,9
C:\SoundModel\data\gtzan\features\rock_rock.00024_chunk0.npy,rock,9
C:\SoundModel\data\gtzan\features\classical_classical.00030_chunk1.npy,classical,1
C:\SoundModel\data\gtzan\features\disco_disco.00097_chunk0.npy,disco,3
C:\SoundModel\data\gtzan\features\hiphop_hiphop.00042_chunk0.npy,hiphop,4
C:\SoundModel\data\gtzan\features\classical_classical.00057_chunk2.npy,classical,1
C:\SoundModel\data\gtzan\features\reggae_reggae.00085_chunk2.npy,reggae,8
C:\SoundModel\data\gtzan\features\jazz_jazz.00079_chunk2.npy,jazz,5
C:\SoundModel\data\gtzan\features\pop_pop.00053_chunk1.npy,pop,7
C:\SoundModel\data\gtzan\features\pop_pop.00061_chunk2.npy,pop,7
C:\SoundModel\data\gtzan\features\reggae_reggae.00017_chunk0.npy,reggae,8
C:\SoundModel\data\gtzan\features\pop_pop.00003_chunk1.npy,pop,7
C:\SoundModel\data\gtzan\features\hiphop_hiphop.00018_chunk2.npy,hiphop,4
C:\SoundModel\data\gtzan\features\pop_pop.00097_chunk1.npy,pop,7
C:\SoundModel\data\gtzan\features\hiphop_hiphop.00041_chunk2.npy,hiphop,4
C:\SoundModel\data\gtzan\features\reggae_reggae.00035_chunk0.npy,reggae,8
C:\SoundModel\data\gtzan\features\blues_blues.00013_chunk1.npy,blues,0
C:\SoundModel\data\gtzan\features\classical_classical.00038_chunk2.npy,classical,1
C:\SoundModel\data\gtzan\features\disco_disco.00025_chunk0.npy,disco,3
C:\SoundModel\data\gtzan\features\hiphop_hiphop.00066_chunk2.npy,hiphop,4
C:\SoundModel\data\gtzan\features\metal_metal.00061_chunk0.npy,metal,6
C:\SoundModel\data\gtzan\features\pop_pop.00074_chunk1.npy,pop,7
C:\SoundModel\data\gtzan\features\blues_blues.00034_chunk2.npy,blues,0
C:\SoundModel\data\gtzan\features\metal_metal.00050_chunk1.npy,metal,6
C:\SoundModel\data\gtzan\features\disco_disco.00096_chunk0.npy,disco,3
C:\SoundModel\data\gtzan\features\classical_classical.00072_chunk1.npy,classical,1
C:\SoundModel\data\gtzan\features\jazz_jazz.00081_chunk0.npy,jazz,5
C:\SoundModel\data\gtzan\features\metal_metal.00014_chunk0.npy,metal,6
C:\SoundModel\data\gtzan\features\country_country.00063_chunk1.npy,country,2
C:\SoundModel\data\gtzan\features\rock_rock.00085_chunk2.npy,rock,9
C:\SoundModel\data\gtzan\features\jazz_jazz.00076_chunk0.npy,jazz,5
C:\SoundModel\data\gtzan\features\rock_rock.00011_chunk2.npy,rock,9
C:\SoundModel\data\gtzan\features\hiphop_hiphop.00060_chunk1.npy,hiphop,4
C:\SoundModel\data\gtzan\features\blues_blues.00027_chunk1.npy,blues,0
C:\SoundModel\data\gtzan\features\hiphop_hiphop.00026_chunk2.npy,hiphop,4
C:\SoundModel\data\gtzan\features\pop_pop.00045_chunk1.npy,pop,7
C:\SoundModel\data\gtzan\features\rock_rock.00072_chunk0.npy,rock,9
C:\SoundModel\data\gtzan\features\pop_pop.00039_chunk2.npy,pop,7
C:\SoundModel\data\gtzan\features\classical_classical.00032_chunk2.npy,classical,1
C:\SoundModel\data\gtzan\features\metal_metal.00020_chunk2.npy,metal,6
C:\SoundModel\data\gtzan\features\pop_pop.00048_chunk1.npy,pop,7
C:\SoundModel\data\gtzan\features\classical_classical.00061_chunk1.npy,classical,1
C:\SoundModel\data\gtzan\features\blues_blues.00021_chunk2.npy,blues,0
C:\SoundModel\data\gtzan\features\jazz_jazz.00061_chunk0.npy,jazz,5
C:\SoundModel\data\gtzan\features\metal_metal.00018_chunk2.npy,metal,6
C:\SoundModel\data\gtzan\features\rock_rock.00086_chunk0.npy,rock,9
C:\SoundModel\data\gtzan\features\country_country.00092_chunk0.npy,country,2
C:\SoundModel\data\gtzan\features\jazz_jazz.00044_chunk1.npy,jazz,5
C:\SoundModel\data\gtzan\features\disco_disco.00055_chunk1.npy,disco,3
C:\SoundModel\data\gtzan\features\classical_classical.00004_chunk2.npy,classical,1
C:\SoundModel\data\gtzan\features\disco_disco.00046_chunk0.npy,disco,3
C:\SoundModel\data\gtzan\features\reggae_reggae.00023_chunk2.npy,reggae,8
C:\SoundModel\data\gtzan\features\jazz_jazz.00013_chunk0.npy,jazz,5
C:\SoundModel\data\gtzan\features\hiphop_hiphop.00032_chunk1.npy,hiphop,4
C:\SoundModel\data\gtzan\features\blues_blues.00025_chunk0.npy,blues,0
C:\SoundModel\data\gtzan\features\hiphop_hiphop.00097_chunk2.npy,hiphop,4
C:\SoundModel\data\gtzan\features\metal_metal.00098_chunk1.npy,metal,6
C:\SoundModel\data\gtzan\features\metal_metal.00023_chunk1.npy,metal,6
C:\SoundModel\data\gtzan\features\disco_disco.00060_chunk2.npy,disco,3
C:\SoundModel\data\gtzan\features\hiphop_hiphop.00043_chunk2.npy,hiphop,4
C:\SoundModel\data\gtzan\features\pop_pop.00013_chunk1.npy,pop,7
C:\SoundModel\data\gtzan\features\hiphop_hiphop.00004_chunk2.npy,hiphop,4
C:\SoundModel\data\gtzan\features\metal_metal.00024_chunk2.npy,metal,6
C:\SoundModel\data\gtzan\features\hiphop_hiphop.00032_chunk2.npy,hiphop,4
C:\SoundModel\data\gtzan\features\hiphop_hiphop.00097_chunk1.npy,hiphop,4
C:\SoundModel\data\gtzan\features\classical_classical.00005_chunk2.npy,classical,1
C:\SoundModel\data\gtzan\features\disco_disco.00037_chunk0.npy,disco,3
C:\SoundModel\data\gtzan\features\reggae_reggae.00055_chunk0.npy,reggae,8
C:\SoundModel\data\gtzan\features\classical_classical.00032_chunk1.npy,classical,1
C:\SoundModel\data\gtzan\features\metal_metal.00048_chunk1.npy,metal,6
C:\SoundModel\data\gtzan\features\jazz_jazz.00013_chunk2.npy,jazz,5
C:\SoundModel\data\gtzan\features\hiphop_hiphop.00058_chunk0.npy,hiphop,4
C:\SoundModel\data\gtzan\features\pop_pop.00077_chunk0.npy,pop,7
C:\SoundModel\data\gtzan\features\pop_pop.00092_chunk1.npy,pop,7
C:\SoundModel\data\gtzan\features\hiphop_hiphop.00063_chunk0.npy,hiphop,4
C:\SoundModel\data\gtzan\features\rock_rock.00038_chunk0.npy,rock,9
C:\SoundModel\data\gtzan\features\hiphop_hiphop.00013_chunk1.npy,hiphop,4
C:\SoundModel\data\gtzan\features\rock_rock.00008_chunk1.npy,rock,9
C:\SoundModel\data\gtzan\features\country_country.00049_chunk1.npy,country,2
C:\SoundModel\data\gtzan\features\metal_metal.00006_chunk0.npy,metal,6
C:\SoundModel\data\gtzan\features\classical_classical.00065_chunk0.npy,classical,1
C:\SoundModel\data\gtzan\features\rock_rock.00013_chunk2.npy,rock,9
C:\SoundModel\data\gtzan\features\reggae_reggae.00077_chunk0.npy,reggae,8
C:\SoundModel\data\gtzan\features\reggae_reggae.00002_chunk2.npy,reggae,8
C:\SoundModel\data\gtzan\features\blues_blues.00003_chunk1.npy,blues,0
C:\SoundModel\data\gtzan\features\hiphop_hiphop.00054_chunk1.npy,hiphop,4
C:\SoundModel\data\gtzan\features\jazz_jazz.00068_chunk1.npy,jazz,5
C:\SoundModel\data\gtzan\features\hiphop_hiphop.00003_chunk1.npy,hiphop,4
C:\SoundModel\data\gtzan\features\reggae_reggae.00028_chunk2.npy,reggae,8
C:\SoundModel\data\gtzan\features\jazz_jazz.00024_chunk0.npy,jazz,5
C:\SoundModel\data\gtzan\features\blues_blues.00086_chunk1.npy,blues,0
C:\SoundModel\data\gtzan\features\metal_metal.00075_chunk1.npy,metal,6
C:\SoundModel\data\gtzan\features\blues_blues.00062_chunk0.npy,blues,0
C:\SoundModel\data\gtzan\features\country_country.00023_chunk1.npy,country,2
C:\SoundModel\data\gtzan\features\rock_rock.00063_chunk2.npy,rock,9
C:\SoundModel\data\gtzan\features\disco_disco.00074_chunk2.npy,disco,3
C:\SoundModel\data\gtzan\features\blues_blues.00078_chunk1.npy,blues,0
C:\SoundModel\data\gtzan\features\country_country.00042_chunk2.npy,country,2
C:\SoundModel\data\gtzan\features\country_country.00036_chunk2.npy,country,2
C:\SoundModel\data\gtzan\features\metal_metal.00096_chunk0.npy,metal,6
C:\SoundModel\data\gtzan\features\rock_rock.00059_chunk2.npy,rock,9
C:\SoundModel\data\gtzan\features\reggae_reggae.00072_chunk0.npy,reggae,8
C:\SoundModel\data\gtzan\features\classical_classical.00089_chunk0.npy,classical,1
C:\SoundModel\data\gtzan\features\pop_pop.00017_chunk1.npy,pop,7
C:\SoundModel\data\gtzan\features\country_country.00004_chunk1.npy,country,2
C:\SoundModel\data\gtzan\features\hiphop_hiphop.00006_chunk2.npy,hiphop,4
C:\SoundModel\data\gtzan\features\hiphop_hiphop.00025_chunk2.npy,hiphop,4
C:\SoundModel\data\gtzan\features\jazz_jazz.00059_chunk1.npy,jazz,5
C:\SoundModel\data\gtzan\features\disco_disco.00041_chunk1.npy,disco,3
C:\SoundModel\data\gtzan\features\pop_pop.00097_chunk0.npy,pop,7
C:\SoundModel\data\gtzan\features\country_country.00096_chunk0.npy,country,2
C:\SoundModel\data\gtzan\features\blues_blues.00086_chunk0.npy,blues,0
C:\SoundModel\data\gtzan\features\rock_rock.00012_chunk1.npy,rock,9
C:\SoundModel\data\gtzan\features\rock_rock.00052_chunk1.npy,rock,9
C:\SoundModel\data\gtzan\features\country_country.00084_chunk2.npy,country,2
C:\SoundModel\data\gtzan\features\reggae_reggae.00003_chunk0.npy,reggae,8
C:\SoundModel\data\gtzan\features\country_country.00050_chunk0.npy,country,2
C:\SoundModel\data\gtzan\features\rock_rock.00048_chunk0.npy,rock,9
C:\SoundModel\data\gtzan\features\classical_classical.00022_chunk0.npy,classical,1
C:\SoundModel\data\gtzan\features\pop_pop.00026_chunk2.npy,pop,7
C:\SoundModel\data\gtzan\features\reggae_reggae.00013_chunk0.npy,reggae,8
C:\SoundModel\data\gtzan\features\disco_disco.00094_chunk1.npy,disco,3
C:\SoundModel\data\gtzan\features\pop_pop.00055_chunk0.npy,pop,7
C:\SoundModel\data\gtzan\features\metal_metal.00058_chunk2.npy,metal,6
C:\SoundModel\data\gtzan\features\classical_classical.00031_chunk2.npy,classical,1
C:\SoundModel\data\gtzan\features\reggae_reggae.00072_chunk1.npy,reggae,8
C:\SoundModel\data\gtzan\features\country_country.00092_chunk2.npy,country,2
C:\SoundModel\data\gtzan\features\country_country.00012_chunk1.npy,country,2
C:\SoundModel\data\gtzan\features\country_country.00070_chunk2.npy,country,2
C:\SoundModel\data\gtzan\features\country_country.00046_chunk1.npy,country,2
C:\SoundModel\data\gtzan\features\blues_blues.00006_chunk0.npy,blues,0
C:\SoundModel\data\gtzan\features\classical_classical.00067_chunk0.npy,classical,1
C:\SoundModel\data\gtzan\features\metal_metal.00010_chunk2.npy,metal,6
C:\SoundModel\data\gtzan\features\pop_pop.00017_chunk0.npy,pop,7
C:\SoundModel\data\gtzan\features\jazz_jazz.00028_chunk0.npy,jazz,5
C:\SoundModel\data\gtzan\features\rock_rock.00096_chunk0.npy,rock,9
C:\SoundModel\data\gtzan\features\metal_metal.00093_chunk0.npy,metal,6
C:\SoundModel\data\gtzan\features\rock_rock.00090_chunk1.npy,rock,9
C:\SoundModel\data\gtzan\features\hiphop_hiphop.00085_chunk1.npy,hiphop,4
C:\SoundModel\data\gtzan\features\jazz_jazz.00025_chunk0.npy,jazz,5
C:\SoundModel\data\gtzan\features\blues_blues.00038_chunk2.npy,blues,0
C:\SoundModel\data\gtzan\features\pop_pop.00021_chunk0.npy,pop,7
C:\SoundModel\data\gtzan\features\blues_blues.00002_chunk1.npy,blues,0
C:\SoundModel\data\gtzan\features\classical_classical.00015_chunk0.npy,classical,1
C:\SoundModel\data\gtzan\features\country_country.00035_chunk1.npy,country,2
C:\SoundModel\data\gtzan\features\reggae_reggae.00043_chunk0.npy,reggae,8
C:\SoundModel\data\gtzan\features\hiphop_hiphop.00059_chunk1.npy,hiphop,4
C:\SoundModel\data\gtzan\features\reggae_reggae.00058_chunk1.npy,reggae,8
C:\SoundModel\data\gtzan\features\jazz_jazz.00068_chunk0.npy,jazz,5
C:\SoundModel\data\gtzan\features\hiphop_hiphop.00014_chunk1.npy,hiphop,4
C:\SoundModel\data\gtzan\features\hiphop_hiphop.00053_chunk0.npy,hiphop,4
C:\SoundModel\data\gtzan\features\metal_metal.00008_chunk1.npy,metal,6
C:\SoundModel\data\gtzan\features\disco_disco.00013_chunk0.npy,disco,3
C:\SoundModel\data\gtzan\features\rock_rock.00096_chunk2.npy,rock,9
C:\SoundModel\data\gtzan\features\blues_blues.00059_chunk1.npy,blues,0
C:\SoundModel\data\gtzan\features\reggae_reggae.00001_chunk1.npy,reggae,8
C:\SoundModel\data\gtzan\features\disco_disco.00011_chunk0.npy,disco,3
C:\SoundModel\data\gtzan\features\classical_classical.00040_chunk2.npy,classical,1
C:\SoundModel\data\gtzan\features\country_country.00061_chunk0.npy,country,2
C:\SoundModel\data\gtzan\features\country_country.00014_chunk0.npy,country,2
C:\SoundModel\data\gtzan\features\pop_pop.00075_chunk2.npy,pop,7
C:\SoundModel\data\gtzan\features\jazz_jazz.00059_chunk0.npy,jazz,5
C:\SoundModel\data\gtzan\features\blues_blues.00083_chunk0.npy,blues,0
C:\SoundModel\data\gtzan\features\jazz_jazz.00066_chunk2.npy,jazz,5
C:\SoundModel\data\gtzan\features\pop_pop.00071_chunk1.npy,pop,7
C:\SoundModel\data\gtzan\features\disco_disco.00064_chunk0.npy,disco,3
C:\SoundModel\data\gtzan\features\classical_classical.00013_chunk2.npy,classical,1
C:\SoundModel\data\gtzan\features\metal_metal.00055_chunk1.npy,metal,6
C:\SoundModel\data\gtzan\features\metal_metal.00030_chunk0.npy,metal,6
C:\SoundModel\data\gtzan\features\blues_blues.00015_chunk1.npy,blues,0
C:\SoundModel\data\gtzan\features\reggae_reggae.00005_chunk2.npy,reggae,8
C:\SoundModel\data\gtzan\features\hiphop_hiphop.00031_chunk1.npy,hiphop,4
C:\SoundModel\data\gtzan\features\disco_disco.00042_chunk2.npy,disco,3
C:\SoundModel\data\gtzan\features\classical_classical.00040_chunk0.npy,classical,1
C:\SoundModel\data\gtzan\features\pop_pop.00024_chunk1.npy,pop,7
C:\SoundModel\data\gtzan\features\rock_rock.00007_chunk1.npy,rock,9
C:\SoundModel\data\gtzan\features\classical_classical.00050_chunk1.npy,classical,1
C:\SoundModel\data\gtzan\features\classical_classical.00004_chunk0.npy,classical,1
C:\SoundModel\data\gtzan\features\blues_blues.00070_chunk2.npy,blues,0
C:\SoundModel\data\gtzan\features\reggae_reggae.00003_chunk2.npy,reggae,8
C:\SoundModel\data\gtzan\features\metal_metal.00088_chunk2.npy,metal,6
C:\SoundModel\data\gtzan\features\country_country.00061_chunk2.npy,country,2
C:\SoundModel\data\gtzan\features\jazz_jazz.00060_chunk0.npy,jazz,5
C:\SoundModel\data\gtzan\features\hiphop_hiphop.00081_chunk0.npy,hiphop,4
C:\SoundModel\data\gtzan\features\jazz_jazz.00093_chunk1.npy,jazz,5
C:\SoundModel\data\gtzan\features\blues_blues.00038_chunk1.npy,blues,0
C:\SoundModel\data\gtzan\features\rock_rock.00028_chunk1.npy,rock,9
C:\SoundModel\data\gtzan\features\pop_pop.00077_chunk1.npy,pop,7
C:\SoundModel\data\gtzan\features\pop_pop.00094_chunk2.npy,pop,7
C:\SoundModel\data\gtzan\features\disco_disco.00009_chunk0.npy,disco,3
C:\SoundModel\data\gtzan\features\rock_rock.00015_chunk2.npy,rock,9
C:\SoundModel\data\gtzan\features\blues_blues.00089_chunk2.npy,blues,0
C:\SoundModel\data\gtzan\features\pop_pop.00082_chunk1.npy,pop,7
C:\SoundModel\data\gtzan\features\disco_disco.00086_chunk2.npy,disco,3
C:\SoundModel\data\gtzan\features\blues_blues.00054_chunk0.npy,blues,0
C:\SoundModel\data\gtzan\features\classical_classical.00033_chunk2.npy,classical,1
C:\SoundModel\data\gtzan\features\reggae_reggae.00016_chunk1.npy,reggae,8
C:\SoundModel\data\gtzan\features\country_country.00038_chunk1.npy,country,2
C:\SoundModel\data\gtzan\features\blues_blues.00004_chunk1.npy,blues,0
C:\SoundModel\data\gtzan\features\blues_blues.00098_chunk0.npy,blues,0
C:\SoundModel\data\gtzan\features\jazz_jazz.00052_chunk0.npy,jazz,5
C:\SoundModel\data\gtzan\features\jazz_jazz.00081_chunk1.npy,jazz,5
C:\SoundModel\data\gtzan\features\disco_disco.00069_chunk1.npy,disco,3
C:\SoundModel\data\gtzan\features\blues_blues.00094_chunk2.npy,blues,0
C:\SoundModel\data\gtzan\features\rock_rock.00060_chunk2.npy,rock,9
C:\SoundModel\data\gtzan\features\classical_classical.00068_chunk0.npy,classical,1
C:\SoundModel\data\gtzan\features\disco_disco.00071_chunk1.npy,disco,3
C:\SoundModel\data\gtzan\features\disco_disco.00023_chunk2.npy,disco,3
C:\SoundModel\data\gtzan\features\country_country.00024_chunk0.npy,country,2
C:\SoundModel\data\gtzan\features\pop_pop.00005_chunk2.npy,pop,7
C:\SoundModel\data\gtzan\features\country_country.00081_chunk1.npy,country,2
C:\SoundModel\data\gtzan\features\disco_disco.00038_chunk1.npy,disco,3
C:\SoundModel\data\gtzan\features\disco_disco.00030_chunk1.npy,disco,3
C:\SoundModel\data\gtzan\features\reggae_reggae.00086_chunk2.npy,reggae,8
C:\SoundModel\data\gtzan\features\jazz_jazz.00059_chunk2.npy,jazz,5
C:\SoundModel\data\gtzan\features\reggae_reggae.00077_chunk1.npy,reggae,8
C:\SoundModel\data\gtzan\features\hiphop_hiphop.00082_chunk0.npy,hiphop,4
C:\SoundModel\data\gtzan\features\disco_disco.00031_chunk2.npy,disco,3
C:\SoundModel\data\gtzan\features\country_country.00048_chunk1.npy,country,2
C:\SoundModel\data\gtzan\features\rock_rock.00030_chunk1.npy,rock,9
C:\SoundModel\data\gtzan\features\pop_pop.00030_chunk2.npy,pop,7
C:\SoundModel\data\gtzan\features\country_country.00091_chunk2.npy,country,2
C:\SoundModel\data\gtzan\features\reggae_reggae.00035_chunk2.npy,reggae,8
C:\SoundModel\data\gtzan\features\metal_metal.00056_chunk1.npy,metal,6
C:\SoundModel\data\gtzan\features\metal_metal.00093_chunk1.npy,metal,6
C:\SoundModel\data\gtzan\features\pop_pop.00085_chunk2.npy,pop,7
C:\SoundModel\data\gtzan\features\jazz_jazz.00031_chunk1.npy,jazz,5
C:\SoundModel\data\gtzan\features\country_country.00046_chunk2.npy,country,2
C:\SoundModel\data\gtzan\features\classical_classical.00001_chunk2.npy,classical,1
C:\SoundModel\data\gtzan\features\classical_classical.00029_chunk1.npy,classical,1
C:\SoundModel\data\gtzan\features\country_country.00094_chunk2.npy,country,2
C:\SoundModel\data\gtzan\features\jazz_jazz.00070_chunk1.npy,jazz,5
C:\SoundModel\data\gtzan\features\jazz_jazz.00030_chunk1.npy,jazz,5
C:\SoundModel\data\gtzan\features\rock_rock.00010_chunk0.npy,rock,9
C:\SoundModel\data\gtzan\features\metal_metal.00027_chunk1.npy,metal,6
C:\SoundModel\data\gtzan\features\blues_blues.00009_chunk0.npy,blues,0
C:\SoundModel\data\gtzan\features\blues_blues.00012_chunk2.npy,blues,0
C:\SoundModel\data\gtzan\features\classical_classical.00010_chunk1.npy,classical,1
C:\SoundModel\data\gtzan\features\reggae_reggae.00092_chunk1.npy,reggae,8
C:\SoundModel\data\gtzan\features\metal_metal.00077_chunk0.npy,metal,6
C:\SoundModel\data\gtzan\features\classical_classical.00046_chunk1.npy,classical,1
C:\SoundModel\data\gtzan\features\blues_blues.00044_chunk0.npy,blues,0
C:\SoundModel\data\gtzan\features\rock_rock.00072_chunk1.npy,rock,9
C:\SoundModel\data\gtzan\features\pop_pop.00069_chunk2.npy,pop,7
C:\SoundModel\data\gtzan\features\jazz_jazz.00028_chunk2.npy,jazz,5
C:\SoundModel\data\gtzan\features\blues_blues.00033_chunk0.npy,blues,0
C:\SoundModel\data\gtzan\features\disco_disco.00037_chunk1.npy,disco,3
C:\SoundModel\data\gtzan\features\jazz_jazz.00060_chunk2.npy,jazz,5
C:\SoundModel\data\gtzan\features\blues_blues.00058_chunk2.npy,blues,0
C:\SoundModel\data\gtzan\features\metal_metal.00032_chunk1.npy,metal,6
C:\SoundModel\data\gtzan\features\pop_pop.00062_chunk1.npy,pop,7
C:\SoundModel\data\gtzan\features\metal_metal.00051_chunk1.npy,metal,6
C:\SoundModel\data\gtzan\features\classical_classical.00096_chunk1.npy,classical,1
C:\SoundModel\data\gtzan\features\jazz_jazz.00048_chunk1.npy,jazz,5
C:\SoundModel\data\gtzan\features\disco_disco.00095_chunk0.npy,disco,3
C:\SoundModel\data\gtzan\features\disco_disco.00022_chunk1.npy,disco,3
C:\SoundModel\data\gtzan\features\hiphop_hiphop.00047_chunk0.npy,hiphop,4
C:\SoundModel\data\gtzan\features\classical_classical.00082_chunk0.npy,classical,1
C:\SoundModel\data\gtzan\features\metal_metal.00022_chunk0.npy,metal,6
C:\SoundModel\data\gtzan\features\pop_pop.00015_chunk2.npy,pop,7
C:\SoundModel\data\gtzan\features\country_country.00031_chunk0.npy,country,2
C:\SoundModel\data\gtzan\features\pop_pop.00010_chunk0.npy,pop,7
C:\SoundModel\data\gtzan\features\classical_classical.00006_chunk0.npy,classical,1
C:\SoundModel\data\gtzan\features\disco_disco.00016_chunk0.npy,disco,3
C:\SoundModel\data\gtzan\features\reggae_reggae.00007_chunk1.npy,reggae,8
C:\SoundModel\data\gtzan\features\blues_blues.00040_chunk1.npy,blues,0
C:\SoundModel\data\gtzan\features\jazz_jazz.00029_chunk0.npy,jazz,5
C:\SoundModel\data\gtzan\features\disco_disco.00048_chunk1.npy,disco,3
C:\SoundModel\data\gtzan\features\country_country.00069_chunk1.npy,country,2
C:\SoundModel\data\gtzan\features\blues_blues.00051_chunk2.npy,blues,0
C:\SoundModel\data\gtzan\features\hiphop_hiphop.00090_chunk0.npy,hiphop,4
C:\SoundModel\data\gtzan\features\reggae_reggae.00006_chunk2.npy,reggae,8
C:\SoundModel\data\gtzan\features\rock_rock.00029_chunk0.npy,rock,9
C:\SoundModel\data\gtzan\features\hiphop_hiphop.00041_chunk1.npy,hiphop,4
C:\SoundModel\data\gtzan\features\metal_metal.00054_chunk1.npy,metal,6
C:\SoundModel\data\gtzan\features\classical_classical.00041_chunk0.npy,classical,1
C:\SoundModel\data\gtzan\features\reggae_reggae.00095_chunk0.npy,reggae,8
C:\SoundModel\data\gtzan\features\classical_classical.00023_chunk0.npy,classical,1
C:\SoundModel\data\gtzan\features\rock_rock.00038_chunk1.npy,rock,9
C:\SoundModel\data\gtzan\features\reggae_reggae.00086_chunk0.npy,reggae,8
C:\SoundModel\data\gtzan\features\metal_metal.00086_chunk1.npy,metal,6
C:\SoundModel\data\gtzan\features\pop_pop.00009_chunk2.npy,pop,7
C:\SoundModel\data\gtzan\features\reggae_reggae.00012_chunk0.npy,reggae,8
C:\SoundModel\data\gtzan\features\jazz_jazz.00043_chunk2.npy,jazz,5
C:\SoundModel\data\gtzan\features\hiphop_hiphop.00074_chunk2.npy,hiphop,4
C:\SoundModel\data\gtzan\features\metal_metal.00062_chunk0.npy,metal,6
C:\SoundModel\data\gtzan\features\rock_rock.00021_chunk0.npy,rock,9
C:\SoundModel\data\gtzan\features\metal_metal.00044_chunk2.npy,metal,6
C:\SoundModel\data\gtzan\features\reggae_reggae.00021_chunk0.npy,reggae,8
C:\SoundModel\data\gtzan\features\classical_classical.00034_chunk0.npy,classical,1
C:\SoundModel\data\gtzan\features\pop_pop.00078_chunk0.npy,pop,7
C:\SoundModel\data\gtzan\features\pop_pop.00035_chunk2.npy,pop,7
C:\SoundModel\data\gtzan\features\classical_classical.00060_chunk1.npy,classical,1
C:\SoundModel\data\gtzan\features\classical_classical.00067_chunk2.npy,classical,1
C:\SoundModel\data\gtzan\features\pop_pop.00079_chunk2.npy,pop,7
C:\SoundModel\data\gtzan\features\metal_metal.00034_chunk2.npy,metal,6
C:\SoundModel\data\gtzan\features\blues_blues.00089_chunk0.npy,blues,0
C:\SoundModel\data\gtzan\features\pop_pop.00010_chunk2.npy,pop,7
C:\SoundModel\data\gtzan\features\metal_metal.00075_chunk2.npy,metal,6
C:\SoundModel\data\gtzan\features\country_country.00005_chunk0.npy,country,2
C:\SoundModel\data\gtzan\features\jazz_jazz.00074_chunk1.npy,jazz,5
C:\SoundModel\data\gtzan\features\metal_metal.00031_chunk0.npy,metal,6
C:\SoundModel\data\gtzan\features\disco_disco.00075_chunk1.npy,disco,3
C:\SoundModel\data\gtzan\features\reggae_reggae.00033_chunk0.npy,reggae,8
C:\SoundModel\data\gtzan\features\classical_classical.00019_chunk0.npy,classical,1
C:\SoundModel\data\gtzan\features\rock_rock.00069_chunk2.npy,rock,9
C:\SoundModel\data\gtzan\features\jazz_jazz.00044_chunk0.npy,jazz,5
C:\SoundModel\data\gtzan\features\hiphop_hiphop.00050_chunk1.npy,hiphop,4
C:\SoundModel\data\gtzan\features\blues_blues.00093_chunk2.npy,blues,0
C:\SoundModel\data\gtzan\features\disco_disco.00085_chunk2.npy,disco,3
C:\SoundModel\data\gtzan\features\reggae_reggae.00098_chunk1.npy,reggae,8
C:\SoundModel\data\gtzan\features\blues_blues.00091_chunk1.npy,blues,0
C:\SoundModel\data\gtzan\features\pop_pop.00001_chunk0.npy,pop,7
C:\SoundModel\data\gtzan\features\country_country.00009_chunk2.npy,country,2
C:\SoundModel\data\gtzan\features\blues_blues.00069_chunk0.npy,blues,0
C:\SoundModel\data\gtzan\features\jazz_jazz.00033_chunk2.npy,jazz,5
C:\SoundModel\data\gtzan\features\reggae_reggae.00070_chunk0.npy,reggae,8
C:\SoundModel\data\gtzan\features\blues_blues.00086_chunk2.npy,blues,0
C:\SoundModel\data\gtzan\features\country_country.00058_chunk0.npy,country,2
C:\SoundModel\data\gtzan\features\blues_blues.00042_chunk0.npy,blues,0
C:\SoundModel\data\gtzan\features\blues_blues.00064_chunk2.npy,blues,0
C:\SoundModel\data\gtzan\features\disco_disco.00076_chunk0.npy,disco,3
C:\SoundModel\data\gtzan\features\pop_pop.00098_chunk2.npy,pop,7
C:\SoundModel\data\gtzan\features\hiphop_hiphop.00083_chunk2.npy,hiphop,4
C:\SoundModel\data\gtzan\features\classical_classical.00025_chunk2.npy,classical,1
C:\SoundModel\data\gtzan\features\metal_metal.00091_chunk1.npy,metal,6
C:\SoundModel\data\gtzan\features\pop_pop.00031_chunk0.npy,pop,7
C:\SoundModel\data\gtzan\features\country_country.00032_chunk1.npy,country,2
C:\SoundModel\data\gtzan\features\metal_metal.00024_chunk0.npy,metal,6
C:\SoundModel\data\gtzan\features\reggae_reggae.00093_chunk1.npy,reggae,8
C:\SoundModel\data\gtzan\features\rock_rock.00030_chunk2.npy,rock,9
C:\SoundModel\data\gtzan\features\pop_pop.00020_chunk0.npy,pop,7
C:\SoundModel\data\gtzan\features\jazz_jazz.00017_chunk2.npy,jazz,5
C:\SoundModel\data\gtzan\features\pop_pop.00046_chunk2.npy,pop,7
C:\SoundModel\data\gtzan\features\metal_metal.00066_chunk2.npy,metal,6
C:\SoundModel\data\gtzan\features\disco_disco.00015_chunk0.npy,disco,3
C:\SoundModel\data\gtzan\features\classical_classical.00056_chunk2.npy,classical,1
C:\SoundModel\data\gtzan\features\hiphop_hiphop.00034_chunk0.npy,hiphop,4
C:\SoundModel\data\gtzan\features\metal_metal.00036_chunk2.npy,metal,6
C:\SoundModel\data\gtzan\features\disco_disco.00071_chunk0.npy,disco,3
C:\SoundModel\data\gtzan\features\blues_blues.00028_chunk2.npy,blues,0
C:\SoundModel\data\gtzan\features\reggae_reggae.00078_chunk0.npy,reggae,8
C:\SoundModel\data\gtzan\features\blues_blues.00036_chunk2.npy,blues,0
C:\SoundModel\data\gtzan\features\pop_pop.00005_chunk0.npy,pop,7
C:\SoundModel\data\gtzan\features\rock_rock.00068_chunk1.npy,rock,9
C:\SoundModel\data\gtzan\features\jazz_jazz.00086_chunk2.npy,jazz,5
C:\SoundModel\data\gtzan\features\classical_classical.00070_chunk1.npy,classical,1
C:\SoundModel\data\gtzan\features\jazz_jazz.00087_chunk0.npy,jazz,5
C:\SoundModel\data\gtzan\features\pop_pop.00008_chunk1.npy,pop,7
C:\SoundModel\data\gtzan\features\blues_blues.00099_chunk0.npy,blues,0
C:\SoundModel\data\gtzan\features\jazz_jazz.00020_chunk1.npy,jazz,5
C:\SoundModel\data\gtzan\features\reggae_reggae.00000_chunk0.npy,reggae,8
C:\SoundModel\data\gtzan\features\metal_metal.00049_chunk0.npy,metal,6
C:\SoundModel\data\gtzan\features\hiphop_hiphop.00007_chunk0.npy,hiphop,4
C:\SoundModel\data\gtzan\features\metal_metal.00011_chunk0.npy,metal,6
C:\SoundModel\data\gtzan\features\disco_disco.00053_chunk1.npy,disco,3
C:\SoundModel\data\gtzan\features\pop_pop.00054_chunk1.npy,pop,7
C:\SoundModel\data\gtzan\features\hiphop_hiphop.00069_chunk2.npy,hiphop,4
C:\SoundModel\data\gtzan\features\disco_disco.00049_chunk0.npy,disco,3
C:\SoundModel\data\gtzan\features\country_country.00043_chunk1.npy,country,2
C:\SoundModel\data\gtzan\features\country_country.00000_chunk0.npy,country,2
C:\SoundModel\data\gtzan\features\hiphop_hiphop.00080_chunk2.npy,hiphop,4
C:\SoundModel\data\gtzan\features\jazz_jazz.00066_chunk0.npy,jazz,5
C:\SoundModel\data\gtzan\features\blues_blues.00055_chunk2.npy,blues,0
C:\SoundModel\data\gtzan\features\rock_rock.00068_chunk2.npy,rock,9
C:\SoundModel\data\gtzan\features\hiphop_hiphop.00098_chunk0.npy,hiphop,4
C:\SoundModel\data\gtzan\features\pop_pop.00083_chunk0.npy,pop,7
C:\SoundModel\data\gtzan\features\reggae_reggae.00038_chunk1.npy,reggae,8
C:\SoundModel\data\gtzan\features\reggae_reggae.00091_chunk2.npy,reggae,8
C:\SoundModel\data\gtzan\features\classical_classical.00079_chunk0.npy,classical,1
C:\SoundModel\data\gtzan\features\country_country.00096_chunk2.npy,country,2
C:\SoundModel\data\gtzan\features\jazz_jazz.00006_chunk1.npy,jazz,5
C:\SoundModel\data\gtzan\features\jazz_jazz.00062_chunk0.npy,jazz,5
C:\SoundModel\data\gtzan\features\country_country.00002_chunk0.npy,country,2
C:\SoundModel\data\gtzan\features\hiphop_hiphop.00058_chunk1.npy,hiphop,4
C:\SoundModel\data\gtzan\features\classical_classical.00046_chunk2.npy,classical,1
C:\SoundModel\data\gtzan\features\reggae_reggae.00030_chunk2.npy,reggae,8
C:\SoundModel\data\gtzan\features\jazz_jazz.00014_chunk0.npy,jazz,5
C:\SoundModel\data\gtzan\features\metal_metal.00021_chunk1.npy,metal,6
C:\SoundModel\data\gtzan\features\reggae_reggae.00045_chunk1.npy,reggae,8
C:\SoundModel\data\gtzan\features\reggae_reggae.00057_chunk0.npy,reggae,8
C:\SoundModel\data\gtzan\features\rock_rock.00064_chunk1.npy,rock,9
C:\SoundModel\data\gtzan\features\rock_rock.00013_chunk0.npy,rock,9
C:\SoundModel\data\gtzan\features\hiphop_hiphop.00023_chunk2.npy,hiphop,4
C:\SoundModel\data\gtzan\features\pop_pop.00072_chunk1.npy,pop,7
C:\SoundModel\data\gtzan\features\classical_classical.00062_chunk2.npy,classical,1
C:\SoundModel\data\gtzan\features\hiphop_hiphop.00029_chunk0.npy,hiphop,4
C:\SoundModel\data\gtzan\features\hiphop_hiphop.00022_chunk2.npy,hiphop,4
C:\SoundModel\data\gtzan\features\disco_disco.00076_chunk2.npy,disco,3
C:\SoundModel\data\gtzan\features\country_country.00022_chunk2.npy,country,2
C:\SoundModel\data\gtzan\features\rock_rock.00034_chunk2.npy,rock,9
C:\SoundModel\data\gtzan\features\jazz_jazz.00077_chunk2.npy,jazz,5
C:\SoundModel\data\gtzan\features\country_country.00018_chunk0.npy,country,2
C:\SoundModel\data\gtzan\features\hiphop_hiphop.00077_chunk0.npy,hiphop,4
C:\SoundModel\data\gtzan\features\pop_pop.00050_chunk0.npy,pop,7
C:\SoundModel\data\gtzan\features\rock_rock.00036_chunk0.npy,rock,9
C:\SoundModel\data\gtzan\features\blues_blues.00034_chunk1.npy,blues,0
C:\SoundModel\data\gtzan\features\classical_classical.00099_chunk0.npy,classical,1
C:\SoundModel\data\gtzan\features\hiphop_hiphop.00033_chunk0.npy,hiphop,4
C:\SoundModel\data\gtzan\features\hiphop_hiphop.00051_chunk0.npy,hiphop,4
C:\SoundModel\data\gtzan\features\pop_pop.00099_chunk1.npy,pop,7
C:\SoundModel\data\gtzan\features\disco_disco.00016_chunk2.npy,disco,3
C:\SoundModel\data\gtzan\features\disco_disco.00072_chunk2.npy,disco,3
C:\SoundModel\data\gtzan\features\rock_rock.00088_chunk1.npy,rock,9
C:\SoundModel\data\gtzan\features\disco_disco.00016_chunk1.npy,disco,3
C:\SoundModel\data\gtzan\features\rock_rock.00052_chunk2.npy,rock,9
C:\SoundModel\data\gtzan\features\country_country.00078_chunk1.npy,country,2
C:\SoundModel\data\gtzan\features\disco_disco.00022_chunk2.npy,disco,3
C:\SoundModel\data\gtzan\features\blues_blues.00030_chunk1.npy,blues,0
C:\SoundModel\data\gtzan\features\pop_pop.00042_chunk1.npy,pop,7
C:\SoundModel\data\gtzan\features\blues_blues.00013_chunk2.npy,blues,0
C:\SoundModel\data\gtzan\features\disco_disco.00086_chunk0.npy,disco,3
C:\SoundModel\data\gtzan\features\classical_classical.00044_chunk1.npy,classical,1
C:\SoundModel\data\gtzan\features\reggae_reggae.00058_chunk0.npy,reggae,8
C:\SoundModel\data\gtzan\features\reggae_reggae.00012_chunk1.npy,reggae,8
C:\SoundModel\data\gtzan\features\pop_pop.00030_chunk1.npy,pop,7
C:\SoundModel\data\gtzan\features\hiphop_hiphop.00042_chunk2.npy,hiphop,4
C:\SoundModel\data\gtzan\features\blues_blues.00044_chunk1.npy,blues,0
C:\SoundModel\data\gtzan\features\blues_blues.00066_chunk2.npy,blues,0
C:\SoundModel\data\gtzan\features\pop_pop.00020_chunk1.npy,pop,7
C:\SoundModel\data\gtzan\features\blues_blues.00066_chunk1.npy,blues,0
C:\SoundModel\data\gtzan\features\reggae_reggae.00005_chunk0.npy,reggae,8
C:\SoundModel\data\gtzan\features\hiphop_hiphop.00068_chunk1.npy,hiphop,4
C:\SoundModel\data\gtzan\features\country_country.00049_chunk2.npy,country,2
C:\SoundModel\data\gtzan\features\pop_pop.00007_chunk2.npy,pop,7
C:\SoundModel\data\gtzan\features\rock_rock.00065_chunk0.npy,rock,9
C:\SoundModel\data\gtzan\features\reggae_reggae.00073_chunk1.npy,reggae,8
C:\SoundModel\data\gtzan\features\metal_metal.00083_chunk0.npy,metal,6
C:\SoundModel\data\gtzan\features\blues_blues.00019_chunk1.npy,blues,0
C:\SoundModel\data\gtzan\features\classical_classical.00051_chunk1.npy,classical,1
C:\SoundModel\data\gtzan\features\jazz_jazz.00046_chunk0.npy,jazz,5
C:\SoundModel\data\gtzan\features\disco_disco.00078_chunk0.npy,disco,3
C:\SoundModel\data\gtzan\features\classical_classical.00057_chunk0.npy,classical,1
C:\SoundModel\data\gtzan\features\country_country.00075_chunk2.npy,country,2
C:\SoundModel\data\gtzan\features\blues_blues.00065_chunk0.npy,blues,0
C:\SoundModel\data\gtzan\features\classical_classical.00041_chunk2.npy,classical,1
C:\SoundModel\data\gtzan\features\metal_metal.00089_chunk2.npy,metal,6
C:\SoundModel\data\gtzan\features\hiphop_hiphop.00049_chunk2.npy,hiphop,4
C:\SoundModel\data\gtzan\features\jazz_jazz.00001_chunk2.npy,jazz,5
C:\SoundModel\data\gtzan\features\pop_pop.00065_chunk0.npy,pop,7
C:\SoundModel\data\gtzan\features\pop_pop.00000_chunk2.npy,pop,7
C:\SoundModel\data\gtzan\features\jazz_jazz.00052_chunk2.npy,jazz,5
C:\SoundModel\data\gtzan\features\pop_pop.00026_chunk0.npy,pop,7
C:\SoundModel\data\gtzan\features\disco_disco.00056_chunk1.npy,disco,3
C:\SoundModel\data\gtzan\features\pop_pop.00017_chunk2.npy,pop,7
C:\SoundModel\data\gtzan\features\rock_rock.00007_chunk0.npy,rock,9
C:\SoundModel\data\gtzan\features\rock_rock.00042_chunk1.npy,rock,9
C:\SoundModel\data\gtzan\features\jazz_jazz.00073_chunk0.npy,jazz,5
C:\SoundModel\data\gtzan\features\reggae_reggae.00068_chunk2.npy,reggae,8
C:\SoundModel\data\gtzan\features\metal_metal.00010_chunk1.npy,metal,6
C:\SoundModel\data\gtzan\features\jazz_jazz.00004_chunk2.npy,jazz,5
C:\SoundModel\data\gtzan\features\disco_disco.00024_chunk1.npy,disco,3
C:\SoundModel\data\gtzan\features\blues_blues.00016_chunk2.npy,blues,0
C:\SoundModel\data\gtzan\features\reggae_reggae.00013_chunk1.npy,reggae,8
C:\SoundModel\data\gtzan\features\classical_classical.00048_chunk2.npy,classical,1
C:\SoundModel\data\gtzan\features\disco_disco.00025_chunk2.npy,disco,3
C:\SoundModel\data\gtzan\features\rock_rock.00031_chunk0.npy,rock,9
C:\SoundModel\data\gtzan\features\pop_pop.00088_chunk0.npy,pop,7
C:\SoundModel\data\gtzan\features\metal_metal.00057_chunk2.npy,metal,6
C:\SoundModel\data\gtzan\features\reggae_reggae.00091_chunk1.npy,reggae,8
C:\SoundModel\data\gtzan\features\country_country.00093_chunk2.npy,country,2
C:\SoundModel\data\gtzan\features\jazz_jazz.00092_chunk1.npy,jazz,5
C:\SoundModel\data\gtzan\features\disco_disco.00067_chunk2.npy,disco,3
C:\SoundModel\data\gtzan\features\pop_pop.00059_chunk0.npy,pop,7
C:\SoundModel\data\gtzan\features\reggae_reggae.00071_chunk0.npy,reggae,8
C:\SoundModel\data\gtzan\features\blues_blues.00034_chunk0.npy,blues,0
C:\SoundModel\data\gtzan\features\jazz_jazz.00091_chunk0.npy,jazz,5
C:\SoundModel\data\gtzan\features\disco_disco.00027_chunk1.npy,disco,3
C:\SoundModel\data\gtzan\features\metal_metal.00095_chunk1.npy,metal,6
C:\SoundModel\data\gtzan\features\disco_disco.00040_chunk0.npy,disco,3
C:\SoundModel\data\gtzan\features\metal_metal.00084_chunk2.npy,metal,6
C:\SoundModel\data\gtzan\features\classical_classical.00092_chunk2.npy,classical,1
C:\SoundModel\data\gtzan\features\blues_blues.00050_chunk1.npy,blues,0
C:\SoundModel\data\gtzan\features\pop_pop.00015_chunk0.npy,pop,7
C:\SoundModel\data\gtzan\features\country_country.00011_chunk2.npy,country,2
C:\SoundModel\data\gtzan\features\hiphop_hiphop.00044_chunk1.npy,hiphop,4
C:\SoundModel\data\gtzan\features\country_country.00018_chunk1.npy,country,2
C:\SoundModel\data\gtzan\features\jazz_jazz.00050_chunk0.npy,jazz,5
C:\SoundModel\data\gtzan\features\blues_blues.00021_chunk0.npy,blues,0
C:\SoundModel\data\gtzan\features\hiphop_hiphop.00001_chunk1.npy,hiphop,4
C:\SoundModel\data\gtzan\features\country_country.00058_chunk1.npy,country,2
C:\SoundModel\data\gtzan\features\disco_disco.00029_chunk2.npy,disco,3
C:\SoundModel\data\gtzan\features\country_country.00016_chunk1.npy,country,2
C:\SoundModel\data\gtzan\features\classical_classical.00026_chunk1.npy,classical,1
C:\SoundModel\data\gtzan\features\pop_pop.00067_chunk2.npy,pop,7
C:\SoundModel\data\gtzan\features\hiphop_hiphop.00023_chunk1.npy,hiphop,4
C:\SoundModel\data\gtzan\features\disco_disco.00008_chunk2.npy,disco,3
C:\SoundModel\data\gtzan\features\rock_rock.00057_chunk0.npy,rock,9
C:\SoundModel\data\gtzan\features\hiphop_hiphop.00060_chunk0.npy,hiphop,4
C:\SoundModel\data\gtzan\features\disco_disco.00046_chunk2.npy,disco,3
C:\SoundModel\data\gtzan\features\classical_classical.00014_chunk1.npy,classical,1
C:\SoundModel\data\gtzan\features\classical_classical.00010_chunk0.npy,classical,1
C:\SoundModel\data\gtzan\features\blues_blues.00014_chunk2.npy,blues,0
C:\SoundModel\data\gtzan\features\jazz_jazz.00011_chunk0.npy,jazz,5
C:\SoundModel\data\gtzan\features\hiphop_hiphop.00036_chunk2.npy,hiphop,4
C:\SoundModel\data\gtzan\features\classical_classical.00085_chunk1.npy,classical,1
C:\SoundModel\data\gtzan\features\country_country.00068_chunk2.npy,country,2
C:\SoundModel\data\gtzan\features\rock_rock.00078_chunk2.npy,rock,9
C:\SoundModel\data\gtzan\features\jazz_jazz.00027_chunk2.npy,jazz,5
C:\SoundModel\data\gtzan\features\country_country.00044_chunk0.npy,country,2
C:\SoundModel\data\gtzan\features\jazz_jazz.00055_chunk0.npy,jazz,5
C:\SoundModel\data\gtzan\features\disco_disco.00083_chunk0.npy,disco,3
C:\SoundModel\data\gtzan\features\country_country.00047_chunk0.npy,country,2
C:\SoundModel\data\gtzan\features\blues_blues.00011_chunk0.npy,blues,0
C:\SoundModel\data\gtzan\features\classical_classical.00083_chunk1.npy,classical,1
C:\SoundModel\data\gtzan\features\metal_metal.00032_chunk0.npy,metal,6
C:\SoundModel\data\gtzan\features\country_country.00037_chunk0.npy,country,2
C:\SoundModel\data\gtzan\features\disco_disco.00092_chunk1.npy,disco,3
C:\SoundModel\data\gtzan\features\classical_classical.00052_chunk0.npy,classical,1
C:\SoundModel\data\gtzan\features\jazz_jazz.00043_chunk1.npy,jazz,5
C:\SoundModel\data\gtzan\features\jazz_jazz.00083_chunk0.npy,jazz,5
C:\SoundModel\data\gtzan\features\jazz_jazz.00024_chunk1.npy,jazz,5
C:\SoundModel\data\gtzan\features\metal_metal.00020_chunk0.npy,metal,6
C:\SoundModel\data\gtzan\features\classical_classical.00000_chunk2.npy,classical,1
C:\SoundModel\data\gtzan\features\classical_classical.00036_chunk1.npy,classical,1
C:\SoundModel\data\gtzan\features\hiphop_hiphop.00061_chunk2.npy,hiphop,4
C:\SoundModel\data\gtzan\features\country_country.00059_chunk2.npy,country,2
C:\SoundModel\data\gtzan\features\hiphop_hiphop.00083_chunk1.npy,hiphop,4
C:\SoundModel\data\gtzan\features\hiphop_hiphop.00007_chunk2.npy,hiphop,4
C:\SoundModel\data\gtzan\features\blues_blues.00052_chunk0.npy,blues,0
C:\SoundModel\data\gtzan\features\blues_blues.00076_chunk2.npy,blues,0
C:\SoundModel\data\gtzan\features\jazz_jazz.00021_chunk2.npy,jazz,5
C:\SoundModel\data\gtzan\features\reggae_reggae.00009_chunk0.npy,reggae,8
C:\SoundModel\data\gtzan\features\jazz_jazz.00029_chunk1.npy,jazz,5
C:\SoundModel\data\gtzan\features\country_country.00042_chunk1.npy,country,2
C:\SoundModel\data\gtzan\features\reggae_reggae.00059_chunk0.npy,reggae,8
C:\SoundModel\data\gtzan\features\classical_classical.00090_chunk2.npy,classical,1
C:\SoundModel\data\gtzan\features\rock_rock.00061_chunk2.npy,rock,9
C:\SoundModel\data\gtzan\features\classical_classical.00083_chunk2.npy,classical,1
C:\SoundModel\data\gtzan\features\disco_disco.00029_chunk0.npy,disco,3
C:\SoundModel\data\gtzan\features\country_country.00030_chunk0.npy,country,2
C:\SoundModel\data\gtzan\features\blues_blues.00046_chunk1.npy,blues,0
C:\SoundModel\data\gtzan\features\hiphop_hiphop.00093_chunk2.npy,hiphop,4
C:\SoundModel\data\gtzan\features\jazz_jazz.00047_chunk1.npy,jazz,5
C:\SoundModel\data\gtzan\features\rock_rock.00055_chunk1.npy,rock,9
C:\SoundModel\data\gtzan\features\blues_blues.00001_chunk0.npy,blues,0
C:\SoundModel\data\gtzan\features\metal_metal.00007_chunk2.npy,metal,6
C:\SoundModel\data\gtzan\features\country_country.00064_chunk0.npy,country,2
C:\SoundModel\data\gtzan\features\rock_rock.00006_chunk2.npy,rock,9
C:\SoundModel\data\gtzan\features\jazz_jazz.00058_chunk0.npy,jazz,5
C:\SoundModel\data\gtzan\features\blues_blues.00071_chunk2.npy,blues,0
C:\SoundModel\data\gtzan\features\disco_disco.00053_chunk0.npy,disco,3
C:\SoundModel\data\gtzan\features\disco_disco.00093_chunk0.npy,disco,3
C:\SoundModel\data\gtzan\features\rock_rock.00017_chunk1.npy,rock,9
C:\SoundModel\data\gtzan\features\classical_classical.00094_chunk0.npy,classical,1
C:\SoundModel\data\gtzan\features\classical_classical.00075_chunk0.npy,classical,1
C:\SoundModel\data\gtzan\features\country_country.00051_chunk2.npy,country,2
C:\SoundModel\data\gtzan\features\reggae_reggae.00099_chunk0.npy,reggae,8
C:\SoundModel\data\gtzan\features\pop_pop.00038_chunk1.npy,pop,7
C:\SoundModel\data\gtzan\features\pop_pop.00056_chunk0.npy,pop,7
C:\SoundModel\data\gtzan\features\blues_blues.00016_chunk1.npy,blues,0
C:\SoundModel\data\gtzan\features\country_country.00000_chunk1.npy,country,2
C:\SoundModel\data\gtzan\features\rock_rock.00080_chunk2.npy,rock,9
C:\SoundModel\data\gtzan\features\classical_classical.00025_chunk1.npy,classical,1
C:\SoundModel\data\gtzan\features\classical_classical.00047_chunk2.npy,classical,1
C:\SoundModel\data\gtzan\features\country_country.00049_chunk0.npy,country,2
C:\SoundModel\data\gtzan\features\blues_blues.00063_chunk1.npy,blues,0
C:\SoundModel\data\gtzan\features\rock_rock.00053_chunk2.npy,rock,9
C:\SoundModel\data\gtzan\features\reggae_reggae.00018_chunk0.npy,reggae,8
C:\SoundModel\data\gtzan\features\disco_disco.00014_chunk1.npy,disco,3
C:\SoundModel\data\gtzan\features\country_country.00081_chunk0.npy,country,2
C:\SoundModel\data\gtzan\features\jazz_jazz.00073_chunk2.npy,jazz,5
C:\SoundModel\data\gtzan\features\country_country.00007_chunk2.npy,country,2
C:\SoundModel\data\gtzan\features\reggae_reggae.00029_chunk2.npy,reggae,8
C:\SoundModel\data\gtzan\features\hiphop_hiphop.00091_chunk1.npy,hiphop,4
C:\SoundModel\data\gtzan\features\pop_pop.00028_chunk1.npy,pop,7
C:\SoundModel\data\gtzan\features\reggae_reggae.00043_chunk1.npy,reggae,8
C:\SoundModel\data\gtzan\features\jazz_jazz.00089_chunk0.npy,jazz,5
C:\SoundModel\data\gtzan\features\jazz_jazz.00056_chunk1.npy,jazz,5
C:\SoundModel\data\gtzan\features\rock_rock.00067_chunk0.npy,rock,9
C:\SoundModel\data\gtzan\features\rock_rock.00088_chunk0.npy,rock,9
C:\SoundModel\data\gtzan\features\classical_classical.00018_chunk0.npy,classical,1
C:\SoundModel\data\gtzan\features\rock_rock.00062_chunk2.npy,rock,9
C:\SoundModel\data\gtzan\features\jazz_jazz.00009_chunk1.npy,jazz,5
C:\SoundModel\data\gtzan\features\metal_metal.00075_chunk0.npy,metal,6
C:\SoundModel\data\gtzan\features\hiphop_hiphop.00035_chunk1.npy,hiphop,4
C:\SoundModel\data\gtzan\features\blues_blues.00048_chunk1.npy,blues,0
C:\SoundModel\data\gtzan\features\hiphop_hiphop.00064_chunk2.npy,hiphop,4
C:\SoundModel\data\gtzan\features\classical_classical.00051_chunk2.npy,classical,1
C:\SoundModel\data\gtzan\features\hiphop_hiphop.00066_chunk1.npy,hiphop,4
C:\SoundModel\data\gtzan\features\hiphop_hiphop.00024_chunk1.npy,hiphop,4
C:\SoundModel\data\gtzan\features\country_country.00066_chunk2.npy,country,2
C:\SoundModel\data\gtzan\features\disco_disco.00067_chunk1.npy,disco,3
C:\SoundModel\data\gtzan\features\reggae_reggae.00080_chunk2.npy,reggae,8
C:\SoundModel\data\gtzan\features\country_country.00006_chunk0.npy,country,2
C:\SoundModel\data\gtzan\features\metal_metal.00053_chunk0.npy,metal,6
C:\SoundModel\data\gtzan\features\hiphop_hiphop.00021_chunk2.npy,hiphop,4
C:\SoundModel\data\gtzan\features\country_country.00080_chunk2.npy,country,2
C:\SoundModel\data\gtzan\features\jazz_jazz.00075_chunk2.npy,jazz,5
C:\SoundModel\data\gtzan\features\rock_rock.00087_chunk2.npy,rock,9
C:\SoundModel\data\gtzan\features\rock_rock.00083_chunk2.npy,rock,9
C:\SoundModel\data\gtzan\features\metal_metal.00058_chunk0.npy,metal,6
C:\SoundModel\data\gtzan\features\classical_classical.00095_chunk2.npy,classical,1
C:\SoundModel\data\gtzan\features\country_country.00090_chunk0.npy,country,2
C:\SoundModel\data\gtzan\features\country_country.00072_chunk1.npy,country,2
C:\SoundModel\data\gtzan\features\blues_blues.00067_chunk0.npy,blues,0
C:\SoundModel\data\gtzan\features\country_country.00054_chunk2.npy,country,2
C:\SoundModel\data\gtzan\features\country_country.00093_chunk0.npy,country,2
C:\SoundModel\data\gtzan\features\metal_metal.00018_chunk0.npy,metal,6
C:\SoundModel\data\gtzan\features\metal_metal.00062_chunk1.npy,metal,6
C:\SoundModel\data\gtzan\features\reggae_reggae.00094_chunk0.npy,reggae,8
C:\SoundModel\data\gtzan\features\pop_pop.00069_chunk0.npy,pop,7
C:\SoundModel\data\gtzan\features\blues_blues.00077_chunk2.npy,blues,0
C:\SoundModel\data\gtzan\features\pop_pop.00008_chunk2.npy,pop,7
C:\SoundModel\data\gtzan\features\pop_pop.00025_chunk1.npy,pop,7
C:\SoundModel\data\gtzan\features\classical_classical.00088_chunk1.npy,classical,1
C:\SoundModel\data\gtzan\features\pop_pop.00075_chunk1.npy,pop,7
C:\SoundModel\data\gtzan\features\reggae_reggae.00080_chunk0.npy,reggae,8
C:\SoundModel\data\gtzan\features\country_country.00082_chunk2.npy,country,2
C:\SoundModel\data\gtzan\features\disco_disco.00066_chunk0.npy,disco,3
C:\SoundModel\data\gtzan\features\disco_disco.00089_chunk1.npy,disco,3
C:\SoundModel\data\gtzan\features\metal_metal.00006_chunk1.npy,metal,6
C:\SoundModel\data\gtzan\features\reggae_reggae.00061_chunk2.npy,reggae,8
C:\SoundModel\data\gtzan\features\disco_disco.00060_chunk1.npy,disco,3
C:\SoundModel\data\gtzan\features\blues_blues.00082_chunk0.npy,blues,0
C:\SoundModel\data\gtzan\features\pop_pop.00018_chunk1.npy,pop,7
C:\SoundModel\data\gtzan\features\rock_rock.00044_chunk0.npy,rock,9
C:\SoundModel\data\gtzan\features\pop_pop.00022_chunk0.npy,pop,7
C:\SoundModel\data\gtzan\features\blues_blues.00085_chunk1.npy,blues,0
C:\SoundModel\data\gtzan\features\classical_classical.00038_chunk0.npy,classical,1
C:\SoundModel\data\gtzan\features\pop_pop.00022_chunk2.npy,pop,7
C:\SoundModel\data\gtzan\features\pop_pop.00042_chunk2.npy,pop,7
C:\SoundModel\data\gtzan\features\blues_blues.00041_chunk2.npy,blues,0
C:\SoundModel\data\gtzan\features\blues_blues.00096_chunk0.npy,blues,0
C:\SoundModel\data\gtzan\features\disco_disco.00070_chunk0.npy,disco,3
C:\SoundModel\data\gtzan\features\blues_blues.00067_chunk2.npy,blues,0
C:\SoundModel\data\gtzan\features\country_country.00087_chunk0.npy,country,2
C:\SoundModel\data\gtzan\features\hiphop_hiphop.00005_chunk1.npy,hiphop,4
C:\SoundModel\data\gtzan\features\reggae_reggae.00054_chunk1.npy,reggae,8
C:\SoundModel\data\gtzan\features\reggae_reggae.00082_chunk2.npy,reggae,8
C:\SoundModel\data\gtzan\features\country_country.00044_chunk1.npy,country,2
C:\SoundModel\data\gtzan\features\jazz_jazz.00020_chunk2.npy,jazz,5
C:\SoundModel\data\gtzan\features\classical_classical.00096_chunk0.npy,classical,1
C:\SoundModel\data\gtzan\features\blues_blues.00050_chunk0.npy,blues,0
C:\SoundModel\data\gtzan\features\rock_rock.00089_chunk0.npy,rock,9
C:\SoundModel\data\gtzan\features\hiphop_hiphop.00049_chunk1.npy,hiphop,4
C:\SoundModel\data\gtzan\features\metal_metal.00076_chunk1.npy,metal,6
C:\SoundModel\data\gtzan\features\jazz_jazz.00024_chunk2.npy,jazz,5
C:\SoundModel\data\gtzan\features\rock_rock.00051_chunk0.npy,rock,9
C:\SoundModel\data\gtzan\features\pop_pop.00060_chunk0.npy,pop,7
C:\SoundModel\data\gtzan\features\disco_disco.00078_chunk2.npy,disco,3
C:\SoundModel\data\gtzan\features\reggae_reggae.00014_chunk1.npy,reggae,8
C:\SoundModel\data\gtzan\features\country_country.00079_chunk0.npy,country,2
C:\SoundModel\data\gtzan\features\jazz_jazz.00087_chunk1.npy,jazz,5
C:\SoundModel\data\gtzan\features\reggae_reggae.00024_chunk0.npy,reggae,8
C:\SoundModel\data\gtzan\features\blues_blues.00095_chunk2.npy,blues,0
C:\SoundModel\data\gtzan\features\reggae_reggae.00060_chunk1.npy,reggae,8
C:\SoundModel\data\gtzan\features\reggae_reggae.00042_chunk2.npy,reggae,8
C:\SoundModel\data\gtzan\features\reggae_reggae.00053_chunk1.npy,reggae,8
C:\SoundModel\data\gtzan\features\reggae_reggae.00045_chunk0.npy,reggae,8
C:\SoundModel\data\gtzan\features\rock_rock.00063_chunk1.npy,rock,9
C:\SoundModel\data\gtzan\features\rock_rock.00081_chunk2.npy,rock,9
C:\SoundModel\data\gtzan\features\disco_disco.00035_chunk0.npy,disco,3
C:\SoundModel\data\gtzan\features\disco_disco.00005_chunk1.npy,disco,3
C:\SoundModel\data\gtzan\features\classical_classical.00011_chunk2.npy,classical,1
C:\SoundModel\data\gtzan\features\hiphop_hiphop.00013_chunk2.npy,hiphop,4
C:\SoundModel\data\gtzan\features\pop_pop.00092_chunk0.npy,pop,7
C:\SoundModel\data\gtzan\features\classical_classical.00049_chunk1.npy,classical,1
C:\SoundModel\data\gtzan\features\hiphop_hiphop.00098_chunk1.npy,hiphop,4
C:\SoundModel\data\gtzan\features\jazz_jazz.00090_chunk2.npy,jazz,5
C:\SoundModel\data\gtzan\features\hiphop_hiphop.00072_chunk0.npy,hiphop,4
C:\SoundModel\data\gtzan\features\metal_metal.00094_chunk2.npy,metal,6
C:\SoundModel\data\gtzan\features\metal_metal.00047_chunk1.npy,metal,6
C:\SoundModel\data\gtzan\features\rock_rock.00047_chunk2.npy,rock,9
C:\SoundModel\data\gtzan\features\country_country.00013_chunk2.npy,country,2
C:\SoundModel\data\gtzan\features\pop_pop.00080_chunk1.npy,pop,7
C:\SoundModel\data\gtzan\features\country_country.00001_chunk1.npy,country,2
C:\SoundModel\data\gtzan\features\classical_classical.00060_chunk2.npy,classical,1
C:\SoundModel\data\gtzan\features\metal_metal.00050_chunk0.npy,metal,6
C:\SoundModel\data\gtzan\features\metal_metal.00089_chunk0.npy,metal,6
C:\SoundModel\data\gtzan\features\metal_metal.00049_chunk1.npy,metal,6
C:\SoundModel\data\gtzan\features\blues_blues.00036_chunk1.npy,blues,0
C:\SoundModel\data\gtzan\features\classical_classical.00028_chunk0.npy,classical,1
C:\SoundModel\data\gtzan\features\rock_rock.00039_chunk2.npy,rock,9
C:\SoundModel\data\gtzan\features\hiphop_hiphop.00093_chunk0.npy,hiphop,4
C:\SoundModel\data\gtzan\features\country_country.00012_chunk2.npy,country,2
C:\SoundModel\data\gtzan\features\jazz_jazz.00063_chunk2.npy,jazz,5
C:\SoundModel\data\gtzan\features\country_country.00068_chunk1.npy,country,2
C:\SoundModel\data\gtzan\features\metal_metal.00048_chunk0.npy,metal,6
C:\SoundModel\data\gtzan\features\rock_rock.00085_chunk1.npy,rock,9
C:\SoundModel\data\gtzan\features\hiphop_hiphop.00088_chunk2.npy,hiphop,4
C:\SoundModel\data\gtzan\features\metal_metal.00090_chunk1.npy,metal,6
C:\SoundModel\data\gtzan\features\rock_rock.00092_chunk0.npy,rock,9
C:\SoundModel\data\gtzan\features\blues_blues.00085_chunk2.npy,blues,0
C:\SoundModel\data\gtzan\features\jazz_jazz.00079_chunk0.npy,jazz,5
C:\SoundModel\data\gtzan\features\classical_classical.00047_chunk1.npy,classical,1
C:\SoundModel\data\gtzan\features\country_country.00002_chunk1.npy,country,2
C:\SoundModel\data\gtzan\features\reggae_reggae.00030_chunk1.npy,reggae,8
C:\SoundModel\data\gtzan\features\classical_classical.00061_chunk2.npy,classical,1
C:\SoundModel\data\gtzan\features\country_country.00035_chunk0.npy,country,2
C:\SoundModel\data\gtzan\features\jazz_jazz.00045_chunk1.npy,jazz,5
C:\SoundModel\data\gtzan\features\jazz_jazz.00045_chunk0.npy,jazz,5
C:\SoundModel\data\gtzan\features\classical_classical.00001_chunk0.npy,classical,1
C:\SoundModel\data\gtzan\features\reggae_reggae.00036_chunk2.npy,reggae,8
C:\SoundModel\data\gtzan\features\hiphop_hiphop.00074_chunk0.npy,hiphop,4
C:\SoundModel\data\gtzan\features\disco_disco.00061_chunk1.npy,disco,3
C:\SoundModel\data\gtzan\features\blues_blues.00065_chunk2.npy,blues,0
C:\SoundModel\data\gtzan\features\classical_classical.00024_chunk2.npy,classical,1
C:\SoundModel\data\gtzan\features\disco_disco.00089_chunk0.npy,disco,3
C:\SoundModel\data\gtzan\features\classical_classical.00019_chunk2.npy,classical,1
C:\SoundModel\data\gtzan\features\classical_classical.00057_chunk1.npy,classical,1
C:\SoundModel\data\gtzan\features\classical_classical.00042_chunk2.npy,classical,1
C:\SoundModel\data\gtzan\features\blues_blues.00064_chunk0.npy,blues,0
C:\SoundModel\data\gtzan\features\reggae_reggae.00078_chunk2.npy,reggae,8
C:\SoundModel\data\gtzan\features\jazz_jazz.00072_chunk0.npy,jazz,5
C:\SoundModel\data\gtzan\features\country_country.00094_chunk1.npy,country,2
C:\SoundModel\data\gtzan\features\pop_pop.00086_chunk2.npy,pop,7
C:\SoundModel\data\gtzan\features\blues_blues.00073_chunk1.npy,blues,0
C:\SoundModel\data\gtzan\features\country_country.00008_chunk1.npy,country,2
C:\SoundModel\data\gtzan\features\metal_metal.00067_chunk0.npy,metal,6
C:\SoundModel\data\gtzan\features\rock_rock.00094_chunk0.npy,rock,9
C:\SoundModel\data\gtzan\features\blues_blues.00083_chunk1.npy,blues,0
C:\SoundModel\data\gtzan\features\pop_pop.00089_chunk2.npy,pop,7
C:\SoundModel\data\gtzan\features\country_country.00093_chunk1.npy,country,2
C:\SoundModel\data\gtzan\features\hiphop_hiphop.00009_chunk2.npy,hiphop,4
C:\SoundModel\data\gtzan\features\country_country.00008_chunk0.npy,country,2
C:\SoundModel\data\gtzan\features\jazz_jazz.00082_chunk2.npy,jazz,5
C:\SoundModel\data\gtzan\features\disco_disco.00052_chunk2.npy,disco,3
C:\SoundModel\data\gtzan\features\hiphop_hiphop.00036_chunk1.npy,hiphop,4
C:\SoundModel\data\gtzan\features\hiphop_hiphop.00039_chunk0.npy,hiphop,4
C:\SoundModel\data\gtzan\features\jazz_jazz.00089_chunk1.npy,jazz,5
C:\SoundModel\data\gtzan\features\rock_rock.00034_chunk0.npy,rock,9
C:\SoundModel\data\gtzan\features\classical_classical.00066_chunk1.npy,classical,1
C:\SoundModel\data\gtzan\features\rock_rock.00074_chunk1.npy,rock,9
C:\SoundModel\data\gtzan\features\jazz_jazz.00026_chunk0.npy,jazz,5
C:\SoundModel\data\gtzan\features\jazz_jazz.00097_chunk2.npy,jazz,5
C:\SoundModel\data\gtzan\features\country_country.00043_chunk2.npy,country,2
C:\SoundModel\data\gtzan\features\jazz_jazz.00073_chunk1.npy,jazz,5
C:\SoundModel\data\gtzan\features\hiphop_hiphop.00044_chunk2.npy,hiphop,4
C:\SoundModel\data\gtzan\features\blues_blues.00024_chunk0.npy,blues,0
C:\SoundModel\data\gtzan\features\reggae_reggae.00092_chunk2.npy,reggae,8
C:\SoundModel\data\gtzan\features\rock_rock.00060_chunk0.npy,rock,9
C:\SoundModel\data\gtzan\features\jazz_jazz.00094_chunk0.npy,jazz,5
C:\SoundModel\data\gtzan\features\rock_rock.00057_chunk1.npy,rock,9
C:\SoundModel\data\gtzan\features\hiphop_hiphop.00026_chunk0.npy,hiphop,4
C:\SoundModel\data\gtzan\features\metal_metal.00026_chunk2.npy,metal,6
C:\SoundModel\data\gtzan\features\metal_metal.00013_chunk0.npy,metal,6
C:\SoundModel\data\gtzan\features\blues_blues.00007_chunk2.npy,blues,0
C:\SoundModel\data\gtzan\features\classical_classical.00099_chunk2.npy,classical,1
C:\SoundModel\data\gtzan\features\pop_pop.00063_chunk0.npy,pop,7
C:\SoundModel\data\gtzan\features\hiphop_hiphop.00033_chunk1.npy,hiphop,4
C:\SoundModel\data\gtzan\features\jazz_jazz.00052_chunk1.npy,jazz,5
C:\SoundModel\data\gtzan\features\classical_classical.00093_chunk1.npy,classical,1
C:\SoundModel\data\gtzan\features\rock_rock.00096_chunk1.npy,rock,9
C:\SoundModel\data\gtzan\features\country_country.00069_chunk2.npy,country,2
C:\SoundModel\data\gtzan\features\country_country.00070_chunk1.npy,country,2
C:\SoundModel\data\gtzan\features\rock_rock.00004_chunk1.npy,rock,9
C:\SoundModel\data\gtzan\features\reggae_reggae.00047_chunk1.npy,reggae,8
C:\SoundModel\data\gtzan\features\metal_metal.00043_chunk2.npy,metal,6
C:\SoundModel\data\gtzan\features\country_country.00095_chunk0.npy,country,2
C:\SoundModel\data\gtzan\features\jazz_jazz.00080_chunk2.npy,jazz,5
C:\SoundModel\data\gtzan\features\pop_pop.00018_chunk0.npy,pop,7
C:\SoundModel\data\gtzan\features\hiphop_hiphop.00072_chunk1.npy,hiphop,4
C:\SoundModel\data\gtzan\features\hiphop_hiphop.00040_chunk0.npy,hiphop,4
C:\SoundModel\data\gtzan\features\rock_rock.00003_chunk2.npy,rock,9
C:\SoundModel\data\gtzan\features\pop_pop.00050_chunk1.npy,pop,7
C:\SoundModel\data\gtzan\features\jazz_jazz.00093_chunk0.npy,jazz,5
C:\SoundModel\data\gtzan\features\country_country.00021_chunk1.npy,country,2
C:\SoundModel\data\gtzan\features\blues_blues.00033_chunk1.npy,blues,0
C:\SoundModel\data\gtzan\features\country_country.00014_chunk1.npy,country,2
C:\SoundModel\data\gtzan\features\blues_blues.00095_chunk0.npy,blues,0
C:\SoundModel\data\gtzan\features\country_country.00005_chunk1.npy,country,2
C:\SoundModel\data\gtzan\features\country_country.00060_chunk2.npy,country,2
C:\SoundModel\data\gtzan\features\pop_pop.00069_chunk1.npy,pop,7
C:\SoundModel\data\gtzan\features\reggae_reggae.00048_chunk2.npy,reggae,8
C:\SoundModel\data\gtzan\features\hiphop_hiphop.00002_chunk0.npy,hiphop,4
C:\SoundModel\data\gtzan\features\pop_pop.00033_chunk2.npy,pop,7
C:\SoundModel\data\gtzan\features\metal_metal.00078_chunk1.npy,metal,6
C:\SoundModel\data\gtzan\features\disco_disco.00036_chunk0.npy,disco,3
C:\SoundModel\data\gtzan\features\hiphop_hiphop.00025_chunk0.npy,hiphop,4
C:\SoundModel\data\gtzan\features\blues_blues.00058_chunk0.npy,blues,0
C:\SoundModel\data\gtzan\features\pop_pop.00083_chunk2.npy,pop,7
C:\SoundModel\data\gtzan\features\classical_classical.00064_chunk1.npy,classical,1
C:\SoundModel\data\gtzan\features\pop_pop.00043_chunk1.npy,pop,7
C:\SoundModel\data\gtzan\features\classical_classical.00088_chunk0.npy,classical,1
C:\SoundModel\data\gtzan\features\classical_classical.00069_chunk2.npy,classical,1
C:\SoundModel\data\gtzan\features\country_country.00078_chunk0.npy,country,2
C:\SoundModel\data\gtzan\features\reggae_reggae.00097_chunk0.npy,reggae,8
C:\SoundModel\data\gtzan\features\hiphop_hiphop.00084_chunk1.npy,hiphop,4
C:\SoundModel\data\gtzan\features\country_country.00098_chunk0.npy,country,2
C:\SoundModel\data\gtzan\features\classical_classical.00089_chunk1.npy,classical,1
C:\SoundModel\data\gtzan\features\rock_rock.00080_chunk0.npy,rock,9
C:\SoundModel\data\gtzan\features\reggae_reggae.00008_chunk2.npy,reggae,8
C:\SoundModel\data\gtzan\features\rock_rock.00029_chunk2.npy,rock,9
C:\SoundModel\data\gtzan\features\blues_blues.00005_chunk0.npy,blues,0
C:\SoundModel\data\gtzan\features\metal_metal.00052_chunk1.npy,metal,6
C:\SoundModel\data\gtzan\features\disco_disco.00049_chunk2.npy,disco,3
C:\SoundModel\data\gtzan\features\country_country.00091_chunk1.npy,country,2
C:\SoundModel\data\gtzan\features\blues_blues.00078_chunk2.npy,blues,0
C:\SoundModel\data\gtzan\features\blues_blues.00079_chunk1.npy,blues,0
C:\SoundModel\data\gtzan\features\country_country.00007_chunk1.npy,country,2
C:\SoundModel\data\gtzan\features\metal_metal.00068_chunk2.npy,metal,6
C:\SoundModel\data\gtzan\features\jazz_jazz.00051_chunk0.npy,jazz,5
C:\SoundModel\data\gtzan\features\hiphop_hiphop.00037_chunk0.npy,hiphop,4
C:\SoundModel\data\gtzan\features\pop_pop.00013_chunk2.npy,pop,7
C:\SoundModel\data\gtzan\features\disco_disco.00044_chunk1.npy,disco,3
C:\SoundModel\data\gtzan\features\rock_rock.00079_chunk2.npy,rock,9
C:\SoundModel\data\gtzan\features\pop_pop.00036_chunk2.npy,pop,7
C:\SoundModel\data\gtzan\features\country_country.00018_chunk2.npy,country,2
C:\SoundModel\data\gtzan\features\reggae_reggae.00053_chunk0.npy,reggae,8
C:\SoundModel\data\gtzan\features\blues_blues.00059_chunk0.npy,blues,0
C:\SoundModel\data\gtzan\features\classical_classical.00075_chunk2.npy,classical,1
C:\SoundModel\data\gtzan\features\disco_disco.00044_chunk0.npy,disco,3
C:\SoundModel\data\gtzan\features\rock_rock.00048_chunk1.npy,rock,9
C:\SoundModel\data\gtzan\features\blues_blues.00055_chunk1.npy,blues,0
C:\SoundModel\data\gtzan\features\blues_blues.00057_chunk1.npy,blues,0
C:\SoundModel\data\gtzan\features\disco_disco.00051_chunk2.npy,disco,3
C:\SoundModel\data\gtzan\features\reggae_reggae.00083_chunk1.npy,reggae,8
C:\SoundModel\data\gtzan\features\jazz_jazz.00082_chunk1.npy,jazz,5
C:\SoundModel\data\gtzan\features\disco_disco.00034_chunk1.npy,disco,3
C:\SoundModel\data\gtzan\features\classical_classical.00098_chunk2.npy,classical,1
C:\SoundModel\data\gtzan\features\blues_blues.00090_chunk0.npy,blues,0
C:\SoundModel\data\gtzan\features\country_country.00019_chunk2.npy,country,2
C:\SoundModel\data\gtzan\features\pop_pop.00028_chunk0.npy,pop,7
C:\SoundModel\data\gtzan\features\disco_disco.00008_chunk0.npy,disco,3
C:\SoundModel\data\gtzan\features\jazz_jazz.00065_chunk0.npy,jazz,5
C:\SoundModel\data\gtzan\features\blues_blues.00097_chunk0.npy,blues,0
C:\SoundModel\data\gtzan\features\country_country.00054_chunk1.npy,country,2
C:\SoundModel\data\gtzan\features\pop_pop.00016_chunk1.npy,pop,7
C:\SoundModel\data\gtzan\features\rock_rock.00033_chunk1.npy,rock,9
C:\SoundModel\data\gtzan\features\country_country.00097_chunk0.npy,country,2
C:\SoundModel\data\gtzan\features\hiphop_hiphop.00048_chunk2.npy,hiphop,4
C:\SoundModel\data\gtzan\features\rock_rock.00076_chunk2.npy,rock,9
C:\SoundModel\data\gtzan\features\disco_disco.00018_chunk1.npy,disco,3
C:\SoundModel\data\gtzan\features\hiphop_hiphop.00031_chunk2.npy,hiphop,4
C:\SoundModel\data\gtzan\features\pop_pop.00072_chunk0.npy,pop,7
C:\SoundModel\data\gtzan\features\pop_pop.00044_chunk1.npy,pop,7
C:\SoundModel\data\gtzan\features\reggae_reggae.00031_chunk1.npy,reggae,8
C:\SoundModel\data\gtzan\features\metal_metal.00062_chunk2.npy,metal,6
C:\SoundModel\data\gtzan\features\pop_pop.00093_chunk0.npy,pop,7
C:\SoundModel\data\gtzan\features\hiphop_hiphop.00025_chunk1.npy,hiphop,4
C:\SoundModel\data\gtzan\features\country_country.00099_chunk1.npy,country,2
C:\SoundModel\data\gtzan\features\metal_metal.00065_chunk2.npy,metal,6
C:\SoundModel\data\gtzan\features\blues_blues.00087_chunk0.npy,blues,0
C:\SoundModel\data\gtzan\features\blues_blues.00029_chunk2.npy,blues,0
C:\SoundModel\data\gtzan\features\rock_rock.00041_chunk0.npy,rock,9
C:\SoundModel\data\gtzan\features\pop_pop.00066_chunk1.npy,pop,7
C:\SoundModel\data\gtzan\features\metal_metal.00096_chunk1.npy,metal,6
C:\SoundModel\data\gtzan\features\pop_pop.00081_chunk2.npy,pop,7
C:\SoundModel\data\gtzan\features\pop_pop.00074_chunk0.npy,pop,7
C:\SoundModel\data\gtzan\features\jazz_jazz.00027_chunk1.npy,jazz,5
C:\SoundModel\data\gtzan\features\pop_pop.00071_chunk0.npy,pop,7
C:\SoundModel\data\gtzan\features\classical_classical.00006_chunk2.npy,classical,1
C:\SoundModel\data\gtzan\features\reggae_reggae.00067_chunk0.npy,reggae,8
C:\SoundModel\data\gtzan\features\rock_rock.00023_chunk2.npy,rock,9
C:\SoundModel\data\gtzan\features\disco_disco.00007_chunk0.npy,disco,3
C:\SoundModel\data\gtzan\features\country_country.00092_chunk1.npy,country,2
C:\SoundModel\data\gtzan\features\reggae_reggae.00065_chunk1.npy,reggae,8
C:\SoundModel\data\gtzan\features\hiphop_hiphop.00024_chunk0.npy,hiphop,4
C:\SoundModel\data\gtzan\features\pop_pop.00012_chunk2.npy,pop,7
C:\SoundModel\data\gtzan\features\classical_classical.00009_chunk2.npy,classical,1
C:\SoundModel\data\gtzan\features\hiphop_hiphop.00063_chunk1.npy,hiphop,4
C:\SoundModel\data\gtzan\features\hiphop_hiphop.00084_chunk0.npy,hiphop,4
C:\SoundModel\data\gtzan\features\classical_classical.00015_chunk1.npy,classical,1
C:\SoundModel\data\gtzan\features\jazz_jazz.00048_chunk2.npy,jazz,5
C:\SoundModel\data\gtzan\features\pop_pop.00015_chunk1.npy,pop,7
C:\SoundModel\data\gtzan\features\reggae_reggae.00079_chunk2.npy,reggae,8
C:\SoundModel\data\gtzan\features\hiphop_hiphop.00078_chunk2.npy,hiphop,4
C:\SoundModel\data\gtzan\features\country_country.00020_chunk1.npy,country,2
C:\SoundModel\data\gtzan\features\pop_pop.00024_chunk2.npy,pop,7
C:\SoundModel\data\gtzan\features\disco_disco.00009_chunk1.npy,disco,3
C:\SoundModel\data\gtzan\features\metal_metal.00065_chunk0.npy,metal,6
C:\SoundModel\data\gtzan\features\hiphop_hiphop.00054_chunk0.npy,hiphop,4
C:\SoundModel\data\gtzan\features\classical_classical.00023_chunk2.npy,classical,1
C:\SoundModel\data\gtzan\features\country_country.00097_chunk2.npy,country,2
C:\SoundModel\data\gtzan\features\rock_rock.00058_chunk1.npy,rock,9
C:\SoundModel\data\gtzan\features\disco_disco.00065_chunk0.npy,disco,3
C:\SoundModel\data\gtzan\features\pop_pop.00034_chunk0.npy,pop,7
C:\SoundModel\data\gtzan\features\hiphop_hiphop.00008_chunk1.npy,hiphop,4
C:\SoundModel\data\gtzan\features\rock_rock.00032_chunk0.npy,rock,9
C:\SoundModel\data\gtzan\features\disco_disco.00045_chunk0.npy,disco,3
C:\SoundModel\data\gtzan\features\rock_rock.00081_chunk1.npy,rock,9
C:\SoundModel\data\gtzan\features\pop_pop.00081_chunk0.npy,pop,7
C:\SoundModel\data\gtzan\features\rock_rock.00037_chunk1.npy,rock,9
C:\SoundModel\data\gtzan\features\rock_rock.00021_chunk2.npy,rock,9
C:\SoundModel\data\gtzan\features\reggae_reggae.00082_chunk1.npy,reggae,8
C:\SoundModel\data\gtzan\features\jazz_jazz.00001_chunk1.npy,jazz,5
C:\SoundModel\data\gtzan\features\blues_blues.00042_chunk1.npy,blues,0
C:\SoundModel\data\gtzan\features\rock_rock.00098_chunk0.npy,rock,9
C:\SoundModel\data\gtzan\features\metal_metal.00064_chunk1.npy,metal,6
C:\SoundModel\data\gtzan\features\reggae_reggae.00038_chunk0.npy,reggae,8
C:\SoundModel\data\gtzan\features\reggae_reggae.00042_chunk0.npy,reggae,8
C:\SoundModel\data\gtzan\features\metal_metal.00007_chunk0.npy,metal,6
C:\SoundModel\data\gtzan\features\hiphop_hiphop.00033_chunk2.npy,hiphop,4
C:\SoundModel\data\gtzan\features\country_country.00019_chunk1.npy,country,2
C:\SoundModel\data\gtzan\features\disco_disco.00088_chunk2.npy,disco,3
C:\SoundModel\data\gtzan\features\rock_rock.00087_chunk1.npy,rock,9
C:\SoundModel\data\gtzan\features\metal_metal.00015_chunk0.npy,metal,6
C:\SoundModel\data\gtzan\features\rock_rock.00032_chunk1.npy,rock,9
C:\SoundModel\data\gtzan\features\pop_pop.00079_chunk1.npy,pop,7
C:\SoundModel\data\gtzan\features\disco_disco.00019_chunk1.npy,disco,3
C:\SoundModel\data\gtzan\features\jazz_jazz.00008_chunk2.npy,jazz,5
C:\SoundModel\data\gtzan\features\metal_metal.00068_chunk1.npy,metal,6
C:\SoundModel\data\gtzan\features\pop_pop.00087_chunk2.npy,pop,7
C:\SoundModel\data\gtzan\features\hiphop_hiphop.00065_chunk1.npy,hiphop,4
C:\SoundModel\data\gtzan\features\rock_rock.00028_chunk0.npy,rock,9
C:\SoundModel\data\gtzan\features\pop_pop.00058_chunk1.npy,pop,7
C:\SoundModel\data\gtzan\features\metal_metal.00074_chunk1.npy,metal,6
C:\SoundModel\data\gtzan\features\disco_disco.00064_chunk1.npy,disco,3
C:\SoundModel\data\gtzan\features\classical_classical.00087_chunk0.npy,classical,1
C:\SoundModel\data\gtzan\features\pop_pop.00029_chunk1.npy,pop,7
C:\SoundModel\data\gtzan\features\country_country.00013_chunk0.npy,country,2
C:\SoundModel\data\gtzan\features\metal_metal.00041_chunk2.npy,metal,6
C:\SoundModel\data\gtzan\features\pop_pop.00061_chunk0.npy,pop,7
C:\SoundModel\data\gtzan\features\hiphop_hiphop.00020_chunk1.npy,hiphop,4
C:\SoundModel\data\gtzan\features\pop_pop.00043_chunk2.npy,pop,7
C:\SoundModel\data\gtzan\features\blues_blues.00024_chunk2.npy,blues,0
C:\SoundModel\data\gtzan\features\pop_pop.00043_chunk0.npy,pop,7
C:\SoundModel\data\gtzan\features\blues_blues.00066_chunk0.npy,blues,0
C:\SoundModel\data\gtzan\features\blues_blues.00088_chunk0.npy,blues,0
C:\SoundModel\data\gtzan\features\rock_rock.00008_chunk2.npy,rock,9
C:\SoundModel\data\gtzan\features\disco_disco.00034_chunk0.npy,disco,3
C:\SoundModel\data\gtzan\features\rock_rock.00002_chunk2.npy,rock,9
C:\SoundModel\data\gtzan\features\pop_pop.00059_chunk2.npy,pop,7
C:\SoundModel\data\gtzan\features\disco_disco.00082_chunk2.npy,disco,3
C:\SoundModel\data\gtzan\features\blues_blues.00001_chunk1.npy,blues,0
C:\SoundModel\data\gtzan\features\classical_classical.00012_chunk0.npy,classical,1
C:\SoundModel\data\gtzan\features\pop_pop.00014_chunk1.npy,pop,7
C:\SoundModel\data\gtzan\features\classical_classical.00088_chunk2.npy,classical,1
C:\SoundModel\data\gtzan\features\metal_metal.00002_chunk1.npy,metal,6
C:\SoundModel\data\gtzan\features\country_country.00076_chunk1.npy,country,2
C:\SoundModel\data\gtzan\features\reggae_reggae.00055_chunk2.npy,reggae,8
C:\SoundModel\data\gtzan\features\country_country.00048_chunk2.npy,country,2
C:\SoundModel\data\gtzan\features\blues_blues.00035_chunk2.npy,blues,0
C:\SoundModel\data\gtzan\features\blues_blues.00009_chunk1.npy,blues,0
C:\SoundModel\data\gtzan\features\hiphop_hiphop.00051_chunk2.npy,hiphop,4
C:\SoundModel\data\gtzan\features\reggae_reggae.00044_chunk2.npy,reggae,8
C:\SoundModel\data\gtzan\features\disco_disco.00036_chunk2.npy,disco,3
C:\SoundModel\data\gtzan\features\reggae_reggae.00041_chunk2.npy,reggae,8
C:\SoundModel\data\gtzan\features\country_country.00059_chunk0.npy,country,2
C:\SoundModel\data\gtzan\features\metal_metal.00070_chunk1.npy,metal,6
C:\SoundModel\data\gtzan\features\classical_classical.00085_chunk2.npy,classical,1
C:\SoundModel\data\gtzan\features\pop_pop.00040_chunk0.npy,pop,7
C:\SoundModel\data\gtzan\features\blues_blues.00008_chunk2.npy,blues,0
C:\SoundModel\data\gtzan\features\rock_rock.00028_chunk2.npy,rock,9
C:\SoundModel\data\gtzan\features\metal_metal.00060_chunk0.npy,metal,6
C:\SoundModel\data\gtzan\features\country_country.00020_chunk2.npy,country,2
C:\SoundModel\data\gtzan\features\rock_rock.00049_chunk1.npy,rock,9
C:\SoundModel\data\gtzan\features\metal_metal.00019_chunk2.npy,metal,6
C:\SoundModel\data\gtzan\features\country_country.00030_chunk1.npy,country,2
C:\SoundModel\data\gtzan\features\hiphop_hiphop.00015_chunk2.npy,hiphop,4
C:\SoundModel\data\gtzan\features\disco_disco.00092_chunk2.npy,disco,3
C:\SoundModel\data\gtzan\features\disco_disco.00004_chunk1.npy,disco,3
C:\SoundModel\data\gtzan\features\classical_classical.00007_chunk1.npy,classical,1
C:\SoundModel\data\gtzan\features\classical_classical.00021_chunk1.npy,classical,1
C:\SoundModel\data\gtzan\features\rock_rock.00059_chunk1.npy,rock,9
C:\SoundModel\data\gtzan\features\disco_disco.00056_chunk0.npy,disco,3
C:\SoundModel\data\gtzan\features\hiphop_hiphop.00084_chunk2.npy,hiphop,4
C:\SoundModel\data\gtzan\features\rock_rock.00022_chunk2.npy,rock,9
C:\SoundModel\data\gtzan\features\blues_blues.00005_chunk1.npy,blues,0
C:\SoundModel\data\gtzan\features\classical_classical.00039_chunk2.npy,classical,1
C:\SoundModel\data\gtzan\features\reggae_reggae.00072_chunk2.npy,reggae,8
C:\SoundModel\data\gtzan\features\hiphop_hiphop.00091_chunk0.npy,hiphop,4
C:\SoundModel\data\gtzan\features\pop_pop.00033_chunk0.npy,pop,7
C:\SoundModel\data\gtzan\features\hiphop_hiphop.00000_chunk1.npy,hiphop,4
C:\SoundModel\data\gtzan\features\reggae_reggae.00010_chunk1.npy,reggae,8
C:\SoundModel\data\gtzan\features\jazz_jazz.00034_chunk1.npy,jazz,5
C:\SoundModel\data\gtzan\features\hiphop_hiphop.00095_chunk1.npy,hiphop,4
C:\SoundModel\data\gtzan\features\metal_metal.00031_chunk1.npy,metal,6
C:\SoundModel\data\gtzan\features\metal_metal.00029_chunk0.npy,metal,6
C:\SoundModel\data\gtzan\features\metal_metal.00034_chunk1.npy,metal,6
C:\SoundModel\data\gtzan\features\pop_pop.00014_chunk2.npy,pop,7
C:\SoundModel\data\gtzan\features\disco_disco.00006_chunk1.npy,disco,3
C:\SoundModel\data\gtzan\features\reggae_reggae.00032_chunk1.npy,reggae,8
C:\SoundModel\data\gtzan\features\metal_metal.00033_chunk1.npy,metal,6
C:\SoundModel\data\gtzan\features\classical_classical.00065_chunk1.npy,classical,1
C:\SoundModel\data\gtzan\features\pop_pop.00016_chunk2.npy,pop,7
C:\SoundModel\data\gtzan\features\disco_disco.00069_chunk0.npy,disco,3
C:\SoundModel\data\gtzan\features\pop_pop.00013_chunk0.npy,pop,7
C:\SoundModel\data\gtzan\features\metal_metal.00094_chunk1.npy,metal,6
C:\SoundModel\data\gtzan\features\hiphop_hiphop.00063_chunk2.npy,hiphop,4
C:\SoundModel\data\gtzan\features\metal_metal.00025_chunk0.npy,metal,6
C:\SoundModel\data\gtzan\features\disco_disco.00066_chunk1.npy,disco,3
C:\SoundModel\data\gtzan\features\metal_metal.00022_chunk1.npy,metal,6
C:\SoundModel\data\gtzan\features\hiphop_hiphop.00048_chunk1.npy,hiphop,4
C:\SoundModel\data\gtzan\features\jazz_jazz.00064_chunk0.npy,jazz,5
C:\SoundModel\data\gtzan\features\classical_classical.00020_chunk0.npy,classical,1
C:\SoundModel\data\gtzan\features\reggae_reggae.00054_chunk2.npy,reggae,8
C:\SoundModel\data\gtzan\features\rock_rock.00063_chunk0.npy,rock,9
C:\SoundModel\data\gtzan\features\hiphop_hiphop.00016_chunk2.npy,hiphop,4
C:\SoundModel\data\gtzan\features\disco_disco.00001_chunk0.npy,disco,3
C:\SoundModel\data\gtzan\features\classical_classical.00019_chunk1.npy,classical,1
C:\SoundModel\data\gtzan\features\blues_blues.00092_chunk1.npy,blues,0
C:\SoundModel\data\gtzan\features\hiphop_hiphop.00022_chunk1.npy,hiphop,4
C:\SoundModel\data\gtzan\features\classical_classical.00022_chunk2.npy,classical,1
C:\SoundModel\data\gtzan\features\jazz_jazz.00046_chunk2.npy,jazz,5
C:\SoundModel\data\gtzan\features\hiphop_hiphop.00076_chunk2.npy,hiphop,4
C:\SoundModel\data\gtzan\features\blues_blues.00068_chunk2.npy,blues,0
C:\SoundModel\data\gtzan\features\country_country.00076_chunk0.npy,country,2
C:\SoundModel\data\gtzan\features\metal_metal.00019_chunk1.npy,metal,6
C:\SoundModel\data\gtzan\features\reggae_reggae.00056_chunk1.npy,reggae,8
C:\SoundModel\data\gtzan\features\metal_metal.00000_chunk1.npy,metal,6
C:\SoundModel\data\gtzan\features\metal_metal.00057_chunk1.npy,metal,6
C:\SoundModel\data\gtzan\features\hiphop_hiphop.00012_chunk0.npy,hiphop,4
C:\SoundModel\data\gtzan\features\hiphop_hiphop.00005_chunk2.npy,hiphop,4
C:\SoundModel\data\gtzan\features\metal_metal.00035_chunk0.npy,metal,6
C:\SoundModel\data\gtzan\features\country_country.00039_chunk0.npy,country,2
C:\SoundModel\data\gtzan\features\hiphop_hiphop.00066_chunk0.npy,hiphop,4
C:\SoundModel\data\gtzan\features\rock_rock.00003_chunk0.npy,rock,9
C:\SoundModel\data\gtzan\features\rock_rock.00031_chunk1.npy,rock,9
C:\SoundModel\data\gtzan\features\blues_blues.00028_chunk0.npy,blues,0
C:\SoundModel\data\gtzan\features\disco_disco.00044_chunk2.npy,disco,3
C:\SoundModel\data\gtzan\features\jazz_jazz.00057_chunk2.npy,jazz,5
C:\SoundModel\data\gtzan\features\rock_rock.00066_chunk2.npy,rock,9
C:\SoundModel\data\gtzan\features\reggae_reggae.00062_chunk0.npy,reggae,8
C:\SoundModel\data\gtzan\features\hiphop_hiphop.00027_chunk2.npy,hiphop,4
C:\SoundModel\data\gtzan\features\jazz_jazz.00096_chunk0.npy,jazz,5
C:\SoundModel\data\gtzan\features\reggae_reggae.00005_chunk1.npy,reggae,8
C:\SoundModel\data\gtzan\features\disco_disco.00010_chunk0.npy,disco,3
C:\SoundModel\data\gtzan\features\classical_classical.00000_chunk0.npy,classical,1
C:\SoundModel\data\gtzan\features\rock_rock.00089_chunk1.npy,rock,9
C:\SoundModel\data\gtzan\features\jazz_jazz.00065_chunk2.npy,jazz,5
C:\SoundModel\data\gtzan\features\disco_disco.00073_chunk1.npy,disco,3
C:\SoundModel\data\gtzan\features\classical_classical.00043_chunk1.npy,classical,1
C:\SoundModel\data\gtzan\features\rock_rock.00093_chunk2.npy,rock,9
C:\SoundModel\data\gtzan\features\metal_metal.00051_chunk2.npy,metal,6
C:\SoundModel\data\gtzan\features\jazz_jazz.00036_chunk2.npy,jazz,5
C:\SoundModel\data\gtzan\features\disco_disco.00045_chunk1.npy,disco,3
C:\SoundModel\data\gtzan\features\metal_metal.00082_chunk0.npy,metal,6
C:\SoundModel\data\gtzan\features\hiphop_hiphop.00089_chunk1.npy,hiphop,4
C:\SoundModel\data\gtzan\features\metal_metal.00086_chunk0.npy,metal,6
C:\SoundModel\data\gtzan\features\country_country.00095_chunk2.npy,country,2
C:\SoundModel\data\gtzan\features\reggae_reggae.00049_chunk0.npy,reggae,8
C:\SoundModel\data\gtzan\features\jazz_jazz.00033_chunk1.npy,jazz,5
C:\SoundModel\data\gtzan\features\disco_disco.00099_chunk2.npy,disco,3
C:\SoundModel\data\gtzan\features\rock_rock.00073_chunk2.npy,rock,9
C:\SoundModel\data\gtzan\features\classical_classical.00099_chunk1.npy,classical,1
C:\SoundModel\data\gtzan\features\reggae_reggae.00068_chunk0.npy,reggae,8
C:\SoundModel\data\gtzan\features\country_country.00039_chunk1.npy,country,2
C:\SoundModel\data\gtzan\features\blues_blues.00077_chunk0.npy,blues,0
C:\SoundModel\data\gtzan\features\blues_blues.00087_chunk2.npy,blues,0
C:\SoundModel\data\gtzan\features\reggae_reggae.00036_chunk1.npy,reggae,8
C:\SoundModel\data\gtzan\features\metal_metal.00012_chunk2.npy,metal,6
C:\SoundModel\data\gtzan\features\classical_classical.00044_chunk0.npy,classical,1
C:\SoundModel\data\gtzan\features\classical_classical.00091_chunk2.npy,classical,1
C:\SoundModel\data\gtzan\features\jazz_jazz.00041_chunk2.npy,jazz,5
C:\SoundModel\data\gtzan\features\reggae_reggae.00087_chunk0.npy,reggae,8
C:\SoundModel\data\gtzan\features\pop_pop.00047_chunk2.npy,pop,7
C:\SoundModel\data\gtzan\features\reggae_reggae.00000_chunk2.npy,reggae,8
C:\SoundModel\data\gtzan\features\pop_pop.00041_chunk0.npy,pop,7
C:\SoundModel\data\gtzan\features\blues_blues.00071_chunk0.npy,blues,0
C:\SoundModel\data\gtzan\features\rock_rock.00010_chunk1.npy,rock,9
C:\SoundModel\data\gtzan\features\pop_pop.00048_chunk2.npy,pop,7
C:\SoundModel\data\gtzan\features\rock_rock.00017_chunk2.npy,rock,9
C:\SoundModel\data\gtzan\features\hiphop_hiphop.00012_chunk1.npy,hiphop,4
C:\SoundModel\data\gtzan\features\metal_metal.00058_chunk1.npy,metal,6
C:\SoundModel\data\gtzan\features\classical_classical.00045_chunk0.npy,classical,1
C:\SoundModel\data\gtzan\features\hiphop_hiphop.00049_chunk0.npy,hiphop,4
C:\SoundModel\data\gtzan\features\rock_rock.00059_chunk0.npy,rock,9
C:\SoundModel\data\gtzan\features\metal_metal.00003_chunk2.npy,metal,6
C:\SoundModel\data\gtzan\features\blues_blues.00080_chunk1.npy,blues,0
C:\SoundModel\data\gtzan\features\jazz_jazz.00049_chunk0.npy,jazz,5
C:\SoundModel\data\gtzan\features\reggae_reggae.00079_chunk0.npy,reggae,8
C:\SoundModel\data\gtzan\features\reggae_reggae.00069_chunk1.npy,reggae,8
C:\SoundModel\data\gtzan\features\rock_rock.00027_chunk2.npy,rock,9
C:\SoundModel\data\gtzan\features\pop_pop.00094_chunk0.npy,pop,7
C:\SoundModel\data\gtzan\features\metal_metal.00066_chunk1.npy,metal,6
C:\SoundModel\data\gtzan\features\jazz_jazz.00011_chunk2.npy,jazz,5
C:\SoundModel\data\gtzan\features\hiphop_hiphop.00075_chunk0.npy,hiphop,4
C:\SoundModel\data\gtzan\features\jazz_jazz.00026_chunk1.npy,jazz,5
C:\SoundModel\data\gtzan\features\classical_classical.00080_chunk1.npy,classical,1
C:\SoundModel\data\gtzan\features\jazz_jazz.00017_chunk0.npy,jazz,5
C:\SoundModel\data\gtzan\features\jazz_jazz.00099_chunk2.npy,jazz,5
C:\SoundModel\data\gtzan\features\disco_disco.00079_chunk0.npy,disco,3
C:\SoundModel\data\gtzan\features\disco_disco.00030_chunk2.npy,disco,3
C:\SoundModel\data\gtzan\features\jazz_jazz.00098_chunk2.npy,jazz,5
C:\SoundModel\data\gtzan\features\metal_metal.00017_chunk2.npy,metal,6
C:\SoundModel\data\gtzan\features\hiphop_hiphop.00094_chunk2.npy,hiphop,4
C:\SoundModel\data\gtzan\features\country_country.00065_chunk1.npy,country,2
C:\SoundModel\data\gtzan\features\reggae_reggae.00003_chunk1.npy,reggae,8
C:\SoundModel\data\gtzan\features\country_country.00073_chunk0.npy,country,2
C:\SoundModel\data\gtzan\features\pop_pop.00031_chunk1.npy,pop,7
C:\SoundModel\data\gtzan\features\classical_classical.00098_chunk1.npy,classical,1
C:\SoundModel\data\gtzan\features\rock_rock.00040_chunk1.npy,rock,9
C:\SoundModel\data\gtzan\features\blues_blues.00057_chunk2.npy,blues,0
C:\SoundModel\data\gtzan\features\hiphop_hiphop.00082_chunk2.npy,hiphop,4
C:\SoundModel\data\gtzan\features\blues_blues.00092_chunk0.npy,blues,0
C:\SoundModel\data\gtzan\features\reggae_reggae.00098_chunk2.npy,reggae,8
C:\SoundModel\data\gtzan\features\country_country.00094_chunk0.npy,country,2
C:\SoundModel\data\gtzan\features\pop_pop.00073_chunk1.npy,pop,7
C:\SoundModel\data\gtzan\features\blues_blues.00095_chunk1.npy,blues,0
C:\SoundModel\data\gtzan\features\rock_rock.00046_chunk2.npy,rock,9
C:\SoundModel\data\gtzan\features\reggae_reggae.00059_chunk1.npy,reggae,8
C:\SoundModel\data\gtzan\features\rock_rock.00050_chunk1.npy,rock,9
C:\SoundModel\data\gtzan\features\reggae_reggae.00074_chunk1.npy,reggae,8
C:\SoundModel\data\gtzan\features\blues_blues.00079_chunk0.npy,blues,0
C:\SoundModel\data\gtzan\features\jazz_jazz.00080_chunk1.npy,jazz,5
C:\SoundModel\data\gtzan\features\hiphop_hiphop.00086_chunk0.npy,hiphop,4
C:\SoundModel\data\gtzan\features\rock_rock.00039_chunk1.npy,rock,9
C:\SoundModel\data\gtzan\features\country_country.00011_chunk1.npy,country,2
C:\SoundModel\data\gtzan\features\reggae_reggae.00021_chunk1.npy,reggae,8
C:\SoundModel\data\gtzan\features\jazz_jazz.00084_chunk1.npy,jazz,5
C:\SoundModel\data\gtzan\features\metal_metal.00089_chunk1.npy,metal,6
C:\SoundModel\data\gtzan\features\blues_blues.00027_chunk0.npy,blues,0
C:\SoundModel\data\gtzan\features\disco_disco.00083_chunk2.npy,disco,3
C:\SoundModel\data\gtzan\features\classical_classical.00082_chunk1.npy,classical,1
C:\SoundModel\data\gtzan\features\jazz_jazz.00000_chunk0.npy,jazz,5
C:\SoundModel\data\gtzan\features\rock_rock.00064_chunk0.npy,rock,9
C:\SoundModel\data\gtzan\features\hiphop_hiphop.00032_chunk0.npy,hiphop,4
C:\SoundModel\data\gtzan\features\jazz_jazz.00035_chunk0.npy,jazz,5
C:\SoundModel\data\gtzan\features\pop_pop.00038_chunk0.npy,pop,7
C:\SoundModel\data\gtzan\features\blues_blues.00061_chunk2.npy,blues,0
C:\SoundModel\data\gtzan\features\jazz_jazz.00007_chunk0.npy,jazz,5
C:\SoundModel\data\gtzan\features\country_country.00062_chunk0.npy,country,2
C:\SoundModel\data\gtzan\features\metal_metal.00068_chunk0.npy,metal,6
C:\SoundModel\data\gtzan\features\pop_pop.00037_chunk2.npy,pop,7
C:\SoundModel\data\gtzan\features\pop_pop.00044_chunk0.npy,pop,7
C:\SoundModel\data\gtzan\features\rock_rock.00047_chunk1.npy,rock,9
C:\SoundModel\data\gtzan\features\jazz_jazz.00046_chunk1.npy,jazz,5
C:\SoundModel\data\gtzan\features\classical_classical.00076_chunk1.npy,classical,1
C:\SoundModel\data\gtzan\features\reggae_reggae.00015_chunk0.npy,reggae,8
C:\SoundModel\data\gtzan\features\classical_classical.00056_chunk0.npy,classical,1
C:\SoundModel\data\gtzan\features\pop_pop.00062_chunk2.npy,pop,7
C:\SoundModel\data\gtzan\features\disco_disco.00054_chunk1.npy,disco,3
C:\SoundModel\data\gtzan\features\metal_metal.00074_chunk2.npy,metal,6
C:\SoundModel\data\gtzan\features\pop_pop.00076_chunk1.npy,pop,7
C:\SoundModel\data\gtzan\features\country_country.00066_chunk1.npy,country,2
C:\SoundModel\data\gtzan\features\pop_pop.00095_chunk2.npy,pop,7
C:\SoundModel\data\gtzan\features\jazz_jazz.00071_chunk2.npy,jazz,5
C:\SoundModel\data\gtzan\features\blues_blues.00080_chunk0.npy,blues,0
C:\SoundModel\data\gtzan\features\classical_classical.00015_chunk2.npy,classical,1
C:\SoundModel\data\gtzan\features\hiphop_hiphop.00021_chunk0.npy,hiphop,4
C:\SoundModel\data\gtzan\features\country_country.00027_chunk1.npy,country,2
C:\SoundModel\data\gtzan\features\classical_classical.00093_chunk0.npy,classical,1
C:\SoundModel\data\gtzan\features\pop_pop.00090_chunk1.npy,pop,7
C:\SoundModel\data\gtzan\features\rock_rock.00095_chunk1.npy,rock,9
C:\SoundModel\data\gtzan\features\disco_disco.00011_chunk2.npy,disco,3
C:\SoundModel\data\gtzan\features\hiphop_hiphop.00028_chunk0.npy,hiphop,4
C:\SoundModel\data\gtzan\features\disco_disco.00039_chunk0.npy,disco,3
C:\SoundModel\data\gtzan\features\reggae_reggae.00076_chunk2.npy,reggae,8
C:\SoundModel\data\gtzan\features\jazz_jazz.00069_chunk1.npy,jazz,5
C:\SoundModel\data\gtzan\features\reggae_reggae.00025_chunk2.npy,reggae,8
C:\SoundModel\data\gtzan\features\metal_metal.00001_chunk2.npy,metal,6
C:\SoundModel\data\gtzan\features\blues_blues.00088_chunk2.npy,blues,0
C:\SoundModel\data\gtzan\features\rock_rock.00002_chunk1.npy,rock,9
C:\SoundModel\data\gtzan\features\pop_pop.00044_chunk2.npy,pop,7
C:\SoundModel\data\gtzan\features\disco_disco.00096_chunk1.npy,disco,3
C:\SoundModel\data\gtzan\features\rock_rock.00038_chunk2.npy,rock,9
C:\SoundModel\data\gtzan\features\classical_classical.00066_chunk0.npy,classical,1
C:\SoundModel\data\gtzan\features\pop_pop.00000_chunk1.npy,pop,7
C:\SoundModel\data\gtzan\features\disco_disco.00033_chunk0.npy,disco,3
C:\SoundModel\data\gtzan\features\blues_blues.00052_chunk2.npy,blues,0
C:\SoundModel\data\gtzan\features\pop_pop.00040_chunk2.npy,pop,7
C:\SoundModel\data\gtzan\features\jazz_jazz.00079_chunk1.npy,jazz,5
C:\SoundModel\data\gtzan\features\country_country.00098_chunk1.npy,country,2
C:\SoundModel\data\gtzan\features\hiphop_hiphop.00064_chunk0.npy,hiphop,4
C:\SoundModel\data\gtzan\features\blues_blues.00048_chunk2.npy,blues,0
C:\SoundModel\data\gtzan\features\reggae_reggae.00090_chunk2.npy,reggae,8
C:\SoundModel\data\gtzan\features\disco_disco.00081_chunk1.npy,disco,3
C:\SoundModel\data\gtzan\features\rock_rock.00042_chunk2.npy,rock,9
C:\SoundModel\data\gtzan\features\rock_rock.00077_chunk0.npy,rock,9
C:\SoundModel\data\gtzan\features\rock_rock.00070_chunk2.npy,rock,9
C:\SoundModel\data\gtzan\features\reggae_reggae.00019_chunk2.npy,reggae,8
C:\SoundModel\data\gtzan\features\country_country.00010_chunk2.npy,country,2
C:\SoundModel\data\gtzan\features\blues_blues.00007_chunk1.npy,blues,0
C:\SoundModel\data\gtzan\features\pop_pop.00090_chunk2.npy,pop,7
C:\SoundModel\data\gtzan\features\hiphop_hiphop.00062_chunk0.npy,hiphop,4
C:\SoundModel\data\gtzan\features\reggae_reggae.00074_chunk2.npy,reggae,8
C:\SoundModel\data\gtzan\features\pop_pop.00089_chunk0.npy,pop,7
C:\SoundModel\data\gtzan\features\metal_metal.00080_chunk2.npy,metal,6
C:\SoundModel\data\gtzan\features\pop_pop.00060_chunk1.npy,pop,7
C:\SoundModel\data\gtzan\features\country_country.00073_chunk2.npy,country,2
C:\SoundModel\data\gtzan\features\disco_disco.00090_chunk2.npy,disco,3
C:\SoundModel\data\gtzan\features\rock_rock.00057_chunk2.npy,rock,9
C:\SoundModel\data\gtzan\features\country_country.00048_chunk0.npy,country,2
C:\SoundModel\data\gtzan\features\reggae_reggae.00059_chunk2.npy,reggae,8
C:\SoundModel\data\gtzan\features\classical_classical.00060_chunk0.npy,classical,1
C:\SoundModel\data\gtzan\features\jazz_jazz.00084_chunk0.npy,jazz,5
C:\SoundModel\data\gtzan\features\metal_metal.00072_chunk2.npy,metal,6
C:\SoundModel\data\gtzan\features\jazz_jazz.00025_chunk1.npy,jazz,5
C:\SoundModel\data\gtzan\features\rock_rock.00018_chunk1.npy,rock,9
C:\SoundModel\data\gtzan\features\country_country.00052_chunk0.npy,country,2
C:\SoundModel\data\gtzan\features\disco_disco.00015_chunk2.npy,disco,3
C:\SoundModel\data\gtzan\features\pop_pop.00047_chunk1.npy,pop,7
C:\SoundModel\data\gtzan\features\country_country.00039_chunk2.npy,country,2
C:\SoundModel\data\gtzan\features\disco_disco.00057_chunk1.npy,disco,3
C:\SoundModel\data\gtzan\features\metal_metal.00076_chunk2.npy,metal,6
C:\SoundModel\data\gtzan\features\hiphop_hiphop.00099_chunk2.npy,hiphop,4
C:\SoundModel\data\gtzan\features\country_country.00067_chunk2.npy,country,2
C:\SoundModel\data\gtzan\features\reggae_reggae.00039_chunk2.npy,reggae,8
C:\SoundModel\data\gtzan\features\hiphop_hiphop.00011_chunk2.npy,hiphop,4
C:\SoundModel\data\gtzan\features\jazz_jazz.00025_chunk2.npy,jazz,5
C:\SoundModel\data\gtzan\features\rock_rock.00078_chunk1.npy,rock,9
C:\SoundModel\data\gtzan\features\classical_classical.00017_chunk0.npy,classical,1
C:\SoundModel\data\gtzan\features\metal_metal.00016_chunk1.npy,metal,6
C:\SoundModel\data\gtzan\features\pop_pop.00034_chunk1.npy,pop,7
C:\SoundModel\data\gtzan\features\pop_pop.00045_chunk0.npy,pop,7
C:\SoundModel\data\gtzan\features\classical_classical.00036_chunk2.npy,classical,1
C:\SoundModel\data\gtzan\features\rock_rock.00010_chunk2.npy,rock,9
C:\SoundModel\data\gtzan\features\hiphop_hiphop.00019_chunk0.npy,hiphop,4
C:\SoundModel\data\gtzan\features\rock_rock.00023_chunk1.npy,rock,9
C:\SoundModel\data\gtzan\features\pop_pop.00073_chunk2.npy,pop,7
C:\SoundModel\data\gtzan\features\country_country.00089_chunk2.npy,country,2
C:\SoundModel\data\gtzan\features\jazz_jazz.00061_chunk2.npy,jazz,5
C:\SoundModel\data\gtzan\features\hiphop_hiphop.00006_chunk1.npy,hiphop,4
C:\SoundModel\data\gtzan\features\blues_blues.00075_chunk2.npy,blues,0
C:\SoundModel\data\gtzan\features\pop_pop.00019_chunk0.npy,pop,7
C:\SoundModel\data\gtzan\features\jazz_jazz.00018_chunk2.npy,jazz,5
C:\SoundModel\data\gtzan\features\hiphop_hiphop.00003_chunk0.npy,hiphop,4
C:\SoundModel\data\gtzan\features\hiphop_hiphop.00001_chunk2.npy,hiphop,4
C:\SoundModel\data\gtzan\features\disco_disco.00034_chunk2.npy,disco,3
C:\SoundModel\data\gtzan\features\jazz_jazz.00081_chunk2.npy,jazz,5
C:\SoundModel\data\gtzan\features\reggae_reggae.00062_chunk1.npy,reggae,8
C:\SoundModel\data\gtzan\features\metal_metal.00025_chunk1.npy,metal,6
C:\SoundModel\data\gtzan\features\metal_metal.00073_chunk2.npy,metal,6
C:\SoundModel\data\gtzan\features\disco_disco.00068_chunk0.npy,disco,3
C:\SoundModel\data\gtzan\features\classical_classical.00048_chunk1.npy,classical,1
C:\SoundModel\data\gtzan\features\blues_blues.00042_chunk2.npy,blues,0
C:\SoundModel\data\gtzan\features\classical_classical.00034_chunk2.npy,classical,1
C:\SoundModel\data\gtzan\features\metal_metal.00031_chunk2.npy,metal,6
C:\SoundModel\data\gtzan\features\hiphop_hiphop.00014_chunk0.npy,hiphop,4
C:\SoundModel\data\gtzan\features\classical_classical.00012_chunk1.npy,classical,1
C:\SoundModel\data\gtzan\features\rock_rock.00001_chunk0.npy,rock,9
C:\SoundModel\data\gtzan\features\disco_disco.00098_chunk0.npy,disco,3
C:\SoundModel\data\gtzan\features\metal_metal.00080_chunk1.npy,metal,6
C:\SoundModel\data\gtzan\features\rock_rock.00026_chunk2.npy,rock,9
C:\SoundModel\data\gtzan\features\metal_metal.00006_chunk2.npy,metal,6
C:\SoundModel\data\gtzan\features\disco_disco.00081_chunk2.npy,disco,3
C:\SoundModel\data\gtzan\features\jazz_jazz.00078_chunk1.npy,jazz,5
C:\SoundModel\data\gtzan\features\rock_rock.00035_chunk2.npy,rock,9
C:\SoundModel\data\gtzan\features\classical_classical.00080_chunk0.npy,classical,1
C:\SoundModel\data\gtzan\features\reggae_reggae.00026_chunk2.npy,reggae,8
C:\SoundModel\data\gtzan\features\rock_rock.00020_chunk2.npy,rock,9
C:\SoundModel\data\gtzan\features\jazz_jazz.00053_chunk0.npy,jazz,5
C:\SoundModel\data\gtzan\features\rock_rock.00020_chunk1.npy,rock,9
C:\SoundModel\data\gtzan\features\metal_metal.00016_chunk0.npy,metal,6
C:\SoundModel\data\gtzan\features\blues_blues.00049_chunk0.npy,blues,0
C:\SoundModel\data\gtzan\features\blues_blues.00094_chunk0.npy,blues,0
C:\SoundModel\data\gtzan\features\disco_disco.00014_chunk2.npy,disco,3
C:\SoundModel\data\gtzan\features\reggae_reggae.00027_chunk1.npy,reggae,8
C:\SoundModel\data\gtzan\features\disco_disco.00083_chunk1.npy,disco,3
C:\SoundModel\data\gtzan\features\rock_rock.00002_chunk0.npy,rock,9
C:\SoundModel\data\gtzan\features\blues_blues.00053_chunk0.npy,blues,0
C:\SoundModel\data\gtzan\features\rock_rock.00007_chunk2.npy,rock,9
C:\SoundModel\data\gtzan\features\country_country.00002_chunk2.npy,country,2
C:\SoundModel\data\gtzan\features\classical_classical.00016_chunk2.npy,classical,1
C:\SoundModel\data\gtzan\features\disco_disco.00070_chunk2.npy,disco,3
C:\SoundModel\data\gtzan\features\pop_pop.00032_chunk1.npy,pop,7
C:\SoundModel\data\gtzan\features\pop_pop.00084_chunk2.npy,pop,7
C:\SoundModel\data\gtzan\features\jazz_jazz.00055_chunk2.npy,jazz,5
C:\SoundModel\data\gtzan\features\classical_classical.00035_chunk0.npy,classical,1
C:\SoundModel\data\gtzan\features\reggae_reggae.00095_chunk1.npy,reggae,8
C:\SoundModel\data\gtzan\features\hiphop_hiphop.00095_chunk0.npy,hiphop,4
C:\SoundModel\data\gtzan\features\country_country.00026_chunk0.npy,country,2
C:\SoundModel\data\gtzan\features\reggae_reggae.00091_chunk0.npy,reggae,8
C:\SoundModel\data\gtzan\features\classical_classical.00091_chunk1.npy,classical,1
C:\SoundModel\data\gtzan\features\jazz_jazz.00098_chunk1.npy,jazz,5
C:\SoundModel\data\gtzan\features\metal_metal.00073_chunk1.npy,metal,6
C:\SoundModel\data\gtzan\features\pop_pop.00016_chunk0.npy,pop,7
C:\SoundModel\data\gtzan\features\metal_metal.00086_chunk2.npy,metal,6
C:\SoundModel\data\gtzan\features\hiphop_hiphop.00067_chunk2.npy,hiphop,4
C:\SoundModel\data\gtzan\features\reggae_reggae.00064_chunk1.npy,reggae,8
C:\SoundModel\data\gtzan\features\metal_metal.00035_chunk1.npy,metal,6
C:\SoundModel\data\gtzan\features\disco_disco.00001_chunk2.npy,disco,3
C:\SoundModel\data\gtzan\features\jazz_jazz.00096_chunk2.npy,jazz,5
C:\SoundModel\data\gtzan\features\country_country.00036_chunk0.npy,country,2
C:\SoundModel\data\gtzan\features\rock_rock.00036_chunk2.npy,rock,9
C:\SoundModel\data\gtzan\features\rock_rock.00035_chunk0.npy,rock,9
C:\SoundModel\data\gtzan\features\blues_blues.00051_chunk0.npy,blues,0
C:\SoundModel\data\gtzan\features\metal_metal.00045_chunk2.npy,metal,6
C:\SoundModel\data\gtzan\features\metal_metal.00092_chunk1.npy,metal,6
C:\SoundModel\data\gtzan\features\metal_metal.00061_chunk2.npy,metal,6
C:\SoundModel\data\gtzan\features\reggae_reggae.00039_chunk1.npy,reggae,8
C:\SoundModel\data\gtzan\features\disco_disco.00094_chunk2.npy,disco,3
C:\SoundModel\data\gtzan\features\pop_pop.00064_chunk1.npy,pop,7
C:\SoundModel\data\gtzan\features\disco_disco.00072_chunk1.npy,disco,3
C:\SoundModel\data\gtzan\features\metal_metal.00080_chunk0.npy,metal,6
C:\SoundModel\data\gtzan\features\blues_blues.00076_chunk1.npy,blues,0
C:\SoundModel\data\gtzan\features\country_country.00006_chunk2.npy,country,2
C:\SoundModel\data\gtzan\features\reggae_reggae.00084_chunk1.npy,reggae,8
C:\SoundModel\data\gtzan\features\jazz_jazz.00032_chunk2.npy,jazz,5
C:\SoundModel\data\gtzan\features\metal_metal.00002_chunk2.npy,metal,6
C:\SoundModel\data\gtzan\features\hiphop_hiphop.00010_chunk0.npy,hiphop,4
C:\SoundModel\data\gtzan\features\reggae_reggae.00074_chunk0.npy,reggae,8
C:\SoundModel\data\gtzan\features\classical_classical.00053_chunk0.npy,classical,1
C:\SoundModel\data\gtzan\features\reggae_reggae.00011_chunk0.npy,reggae,8
C:\SoundModel\data\gtzan\features\hiphop_hiphop.00020_chunk0.npy,hiphop,4
C:\SoundModel\data\gtzan\features\hiphop_hiphop.00037_chunk1.npy,hiphop,4
C:\SoundModel\data\gtzan\features\metal_metal.00009_chunk1.npy,metal,6
C:\SoundModel\data\gtzan\features\pop_pop.00021_chunk1.npy,pop,7
C:\SoundModel\data\gtzan\features\pop_pop.00035_chunk1.npy,pop,7
C:\SoundModel\data\gtzan\features\hiphop_hiphop.00069_chunk0.npy,hiphop,4
C:\SoundModel\data\gtzan\features\reggae_reggae.00052_chunk2.npy,reggae,8
C:\SoundModel\data\gtzan\features\reggae_reggae.00040_chunk2.npy,reggae,8
C:\SoundModel\data\gtzan\features\classical_classical.00086_chunk1.npy,classical,1
C:\SoundModel\data\gtzan\features\rock_rock.00099_chunk1.npy,rock,9
C:\SoundModel\data\gtzan\features\hiphop_hiphop.00090_chunk2.npy,hiphop,4
C:\SoundModel\data\gtzan\features\metal_metal.00019_chunk0.npy,metal,6
C:\SoundModel\data\gtzan\features\pop_pop.00052_chunk1.npy,pop,7
C:\SoundModel\data\gtzan\features\metal_metal.00064_chunk2.npy,metal,6
C:\SoundModel\data\gtzan\features\jazz_jazz.00091_chunk1.npy,jazz,5
C:\SoundModel\data\gtzan\features\blues_blues.00002_chunk2.npy,blues,0
C:\SoundModel\data\gtzan\features\hiphop_hiphop.00056_chunk0.npy,hiphop,4
C:\SoundModel\data\gtzan\features\blues_blues.00040_chunk2.npy,blues,0
C:\SoundModel\data\gtzan\features\country_country.00038_chunk2.npy,country,2
C:\SoundModel\data\gtzan\features\jazz_jazz.00058_chunk2.npy,jazz,5
C:\SoundModel\data\gtzan\features\jazz_jazz.00097_chunk1.npy,jazz,5
C:\SoundModel\data\gtzan\features\reggae_reggae.00007_chunk0.npy,reggae,8
C:\SoundModel\data\gtzan\features\pop_pop.00065_chunk1.npy,pop,7
C:\SoundModel\data\gtzan\features\classical_classical.00056_chunk1.npy,classical,1
C:\SoundModel\data\gtzan\features\hiphop_hiphop.00056_chunk1.npy,hiphop,4
C:\SoundModel\data\gtzan\features\reggae_reggae.00063_chunk2.npy,reggae,8
C:\SoundModel\data\gtzan\features\classical_classical.00097_chunk2.npy,classical,1
C:\SoundModel\data\gtzan\features\pop_pop.00021_chunk2.npy,pop,7
C:\SoundModel\data\gtzan\features\metal_metal.00002_chunk0.npy,metal,6
C:\SoundModel\data\gtzan\features\country_country.00096_chunk1.npy,country,2
C:\SoundModel\data\gtzan\features\disco_disco.00065_chunk1.npy,disco,3
C:\SoundModel\data\gtzan\features\metal_metal.00063_chunk2.npy,metal,6
C:\SoundModel\data\gtzan\features\country_country.00042_chunk0.npy,country,2
C:\SoundModel\data\gtzan\features\blues_blues.00026_chunk2.npy,blues,0
C:\SoundModel\data\gtzan\features\disco_disco.00058_chunk2.npy,disco,3
C:\SoundModel\data\gtzan\features\jazz_jazz.00019_chunk2.npy,jazz,5
C:\SoundModel\data\gtzan\features\reggae_reggae.00018_chunk1.npy,reggae,8
C:\SoundModel\data\gtzan\features\pop_pop.00098_chunk1.npy,pop,7
C:\SoundModel\data\gtzan\features\pop_pop.00095_chunk0.npy,pop,7
C:\SoundModel\data\gtzan\features\blues_blues.00013_chunk0.npy,blues,0
C:\SoundModel\data\gtzan\features\blues_blues.00031_chunk0.npy,blues,0
C:\SoundModel\data\gtzan\features\disco_disco.00013_chunk2.npy,disco,3
C:\SoundModel\data\gtzan\features\pop_pop.00054_chunk0.npy,pop,7
C:\SoundModel\data\gtzan\features\reggae_reggae.00069_chunk2.npy,reggae,8
C:\SoundModel\data\gtzan\features\classical_classical.00043_chunk2.npy,classical,1
C:\SoundModel\data\gtzan\features\hiphop_hiphop.00038_chunk1.npy,hiphop,4
C:\SoundModel\data\gtzan\features\hiphop_hiphop.00043_chunk1.npy,hiphop,4
C:\SoundModel\data\gtzan\features\disco_disco.00022_chunk0.npy,disco,3
C:\SoundModel\data\gtzan\features\pop_pop.00052_chunk2.npy,pop,7
C:\SoundModel\data\gtzan\features\country_country.00033_chunk1.npy,country,2
C:\SoundModel\data\gtzan\features\classical_classical.00054_chunk1.npy,classical,1
C:\SoundModel\data\gtzan\features\hiphop_hiphop.00089_chunk0.npy,hiphop,4
C:\SoundModel\data\gtzan\features\rock_rock.00084_chunk2.npy,rock,9
C:\SoundModel\data\gtzan\features\pop_pop.00004_chunk1.npy,pop,7
C:\SoundModel\data\gtzan\features\rock_rock.00006_chunk0.npy,rock,9
C:\SoundModel\data\gtzan\features\pop_pop.00079_chunk0.npy,pop,7
C:\SoundModel\data\gtzan\features\disco_disco.00068_chunk1.npy,disco,3
C:\SoundModel\data\gtzan\features\jazz_jazz.00013_chunk1.npy,jazz,5
C:\SoundModel\data\gtzan\features\blues_blues.00026_chunk0.npy,blues,0
C:\SoundModel\data\gtzan\features\disco_disco.00079_chunk2.npy,disco,3
C:\SoundModel\data\gtzan\features\country_country.00037_chunk2.npy,country,2
C:\SoundModel\data\gtzan\features\rock_rock.00083_chunk0.npy,rock,9
C:\SoundModel\data\gtzan\features\reggae_reggae.00028_chunk1.npy,reggae,8
C:\SoundModel\data\gtzan\features\reggae_reggae.00094_chunk2.npy,reggae,8
C:\SoundModel\data\gtzan\features\hiphop_hiphop.00055_chunk2.npy,hiphop,4
C:\SoundModel\data\gtzan\features\reggae_reggae.00008_chunk1.npy,reggae,8
C:\SoundModel\data\gtzan\features\classical_classical.00016_chunk1.npy,classical,1
C:\SoundModel\data\gtzan\features\country_country.00034_chunk1.npy,country,2
C:\SoundModel\data\gtzan\features\blues_blues.00060_chunk2.npy,blues,0
C:\SoundModel\data\gtzan\features\blues_blues.00000_chunk1.npy,blues,0
C:\SoundModel\data\gtzan\features\rock_rock.00082_chunk1.npy,rock,9
C:\SoundModel\data\gtzan\features\jazz_jazz.00016_chunk2.npy,jazz,5
C:\SoundModel\data\gtzan\features\disco_disco.00036_chunk1.npy,disco,3
C:\SoundModel\data\gtzan\features\metal_metal.00004_chunk1.npy,metal,6
C:\SoundModel\data\gtzan\features\pop_pop.00097_chunk2.npy,pop,7
C:\SoundModel\data\gtzan\features\classical_classical.00020_chunk1.npy,classical,1
C:\SoundModel\data\gtzan\features\metal_metal.00038_chunk0.npy,metal,6
C:\SoundModel\data\gtzan\features\blues_blues.00079_chunk2.npy,blues,0
C:\SoundModel\data\gtzan\features\pop_pop.00019_chunk1.npy,pop,7
C:\SoundModel\data\gtzan\features\disco_disco.00019_chunk0.npy,disco,3
C:\SoundModel\data\gtzan\features\country_country.00085_chunk1.npy,country,2
C:\SoundModel\data\gtzan\features\disco_disco.00057_chunk0.npy,disco,3
C:\SoundModel\data\gtzan\features\metal_metal.00081_chunk0.npy,metal,6
C:\SoundModel\data\gtzan\features\jazz_jazz.00067_chunk1.npy,jazz,5
C:\SoundModel\data\gtzan\features\pop_pop.00006_chunk2.npy,pop,7
C:\SoundModel\data\gtzan\features\jazz_jazz.00071_chunk1.npy,jazz,5
C:\SoundModel\data\gtzan\features\classical_classical.00072_chunk0.npy,classical,1
C:\SoundModel\data\gtzan\features\country_country.00086_chunk1.npy,country,2
C:\SoundModel\data\gtzan\features\reggae_reggae.00085_chunk0.npy,reggae,8
C:\SoundModel\data\gtzan\features\classical_classical.00062_chunk1.npy,classical,1
C:\SoundModel\data\gtzan\features\pop_pop.00098_chunk0.npy,pop,7
C:\SoundModel\data\gtzan\features\country_country.00068_chunk0.npy,country,2
C:\SoundModel\data\gtzan\features\disco_disco.00057_chunk2.npy,disco,3
C:\SoundModel\data\gtzan\features\classical_classical.00037_chunk0.npy,classical,1
C:\SoundModel\data\gtzan\features\country_country.00083_chunk2.npy,country,2
C:\SoundModel\data\gtzan\features\hiphop_hiphop.00087_chunk2.npy,hiphop,4
C:\SoundModel\data\gtzan\features\jazz_jazz.00040_chunk2.npy,jazz,5
C:\SoundModel\data\gtzan\features\disco_disco.00017_chunk2.npy,disco,3
C:\SoundModel\data\gtzan\features\jazz_jazz.00095_chunk0.npy,jazz,5
C:\SoundModel\data\gtzan\features\reggae_reggae.00011_chunk1.npy,reggae,8
C:\SoundModel\data\gtzan\features\hiphop_hiphop.00016_chunk1.npy,hiphop,4
C:\SoundModel\data\gtzan\features\country_country.00028_chunk1.npy,country,2
C:\SoundModel\data\gtzan\features\pop_pop.00086_chunk0.npy,pop,7
C:\SoundModel\data\gtzan\features\pop_pop.00033_chunk1.npy,pop,7
C:\SoundModel\data\gtzan\features\pop_pop.00061_chunk1.npy,pop,7
C:\SoundModel\data\gtzan\features\metal_metal.00007_chunk1.npy,metal,6
C:\SoundModel\data\gtzan\features\jazz_jazz.00005_chunk0.npy,jazz,5
C:\SoundModel\data\gtzan\features\rock_rock.00094_chunk1.npy,rock,9
C:\SoundModel\data\gtzan\features\rock_rock.00024_chunk1.npy,rock,9
C:\SoundModel\data\gtzan\features\disco_disco.00061_chunk0.npy,disco,3
C:\SoundModel\data\gtzan\features\metal_metal.00042_chunk0.npy,metal,6
C:\SoundModel\data\gtzan\features\reggae_reggae.00066_chunk1.npy,reggae,8
C:\SoundModel\data\gtzan\features\classical_classical.00065_chunk2.npy,classical,1
C:\SoundModel\data\gtzan\features\classical_classical.00024_chunk0.npy,classical,1
C:\SoundModel\data\gtzan\features\metal_metal.00040_chunk2.npy,metal,6
C:\SoundModel\data\gtzan\features\classical_classical.00061_chunk0.npy,classical,1
C:\SoundModel\data\gtzan\features\disco_disco.00097_chunk2.npy,disco,3
C:\SoundModel\data\gtzan\features\classical_classical.00005_chunk1.npy,classical,1
C:\SoundModel\data\gtzan\features\disco_disco.00000_chunk2.npy,disco,3
C:\SoundModel\data\gtzan\features\reggae_reggae.00006_chunk1.npy,reggae,8
C:\SoundModel\data\gtzan\features\rock_rock.00027_chunk1.npy,rock,9
C:\SoundModel\data\gtzan\features\hiphop_hiphop.00036_chunk0.npy,hiphop,4
C:\SoundModel\data\gtzan\features\pop_pop.00036_chunk0.npy,pop,7
C:\SoundModel\data\gtzan\features\jazz_jazz.00010_chunk1.npy,jazz,5
C:\SoundModel\data\gtzan\features\hiphop_hiphop.00021_chunk1.npy,hiphop,4
C:\SoundModel\data\gtzan\features\reggae_reggae.00070_chunk1.npy,reggae,8
C:\SoundModel\data\gtzan\features\blues_blues.00008_chunk1.npy,blues,0
C:\SoundModel\data\gtzan\features\metal_metal.00009_chunk0.npy,metal,6
C:\SoundModel\data\gtzan\features\country_country.00082_chunk1.npy,country,2
C:\SoundModel\data\gtzan\features\reggae_reggae.00070_chunk2.npy,reggae,8
C:\SoundModel\data\gtzan\features\jazz_jazz.00022_chunk2.npy,jazz,5
C:\SoundModel\data\gtzan\features\disco_disco.00027_chunk0.npy,disco,3
C:\SoundModel\data\gtzan\features\metal_metal.00096_chunk2.npy,metal,6
C:\SoundModel\data\gtzan\features\pop_pop.00068_chunk2.npy,pop,7
C:\SoundModel\data\gtzan\features\blues_blues.00076_chunk0.npy,blues,0
C:\SoundModel\data\gtzan\features\blues_blues.00025_chunk1.npy,blues,0
C:\SoundModel\data\gtzan\features\country_country.00079_chunk1.npy,country,2
C:\SoundModel\data\gtzan\features\pop_pop.00011_chunk0.npy,pop,7
C:\SoundModel\data\gtzan\features\metal_metal.00036_chunk0.npy,metal,6
C:\SoundModel\data\gtzan\features\rock_rock.00072_chunk2.npy,rock,9
C:\SoundModel\data\gtzan\features\classical_classical.00086_chunk2.npy,classical,1
C:\SoundModel\data\gtzan\features\disco_disco.00012_chunk1.npy,disco,3
C:\SoundModel\data\gtzan\features\reggae_reggae.00048_chunk0.npy,reggae,8
C:\SoundModel\data\gtzan\features\country_country.00041_chunk0.npy,country,2
C:\SoundModel\data\gtzan\features\pop_pop.00024_chunk0.npy,pop,7
C:\SoundModel\data\gtzan\features\country_country.00022_chunk0.npy,country,2
C:\SoundModel\data\gtzan\features\rock_rock.00009_chunk0.npy,rock,9
C:\SoundModel\data\gtzan\features\metal_metal.00051_chunk0.npy,metal,6
C:\SoundModel\data\gtzan\features\classical_classical.00003_chunk1.npy,classical,1
C:\SoundModel\data\gtzan\features\hiphop_hiphop.00031_chunk0.npy,hiphop,4
C:\SoundModel\data\gtzan\features\disco_disco.00028_chunk2.npy,disco,3
C:\SoundModel\data\gtzan\features\country_country.00033_chunk0.npy,country,2
C:\SoundModel\data\gtzan\features\hiphop_hiphop.00051_chunk1.npy,hiphop,4
C:\SoundModel\data\gtzan\features\rock_rock.00029_chunk1.npy,rock,9
C:\SoundModel\data\gtzan\features\jazz_jazz.00086_chunk1.npy,jazz,5
C:\SoundModel\data\gtzan\features\reggae_reggae.00034_chunk2.npy,reggae,8
C:\SoundModel\data\gtzan\features\reggae_reggae.00022_chunk2.npy,reggae,8
C:\SoundModel\data\gtzan\features\reggae_reggae.00001_chunk2.npy,reggae,8
C:\SoundModel\data\gtzan\features\jazz_jazz.00099_chunk0.npy,jazz,5
C:\SoundModel\data\gtzan\features\jazz_jazz.00017_chunk1.npy,jazz,5
C:\SoundModel\data\gtzan\features\jazz_jazz.00084_chunk2.npy,jazz,5
C:\SoundModel\data\gtzan\features\country_country.00037_chunk1.npy,country,2
C:\SoundModel\data\gtzan\features\pop_pop.00083_chunk1.npy,pop,7
C:\SoundModel\data\gtzan\features\metal_metal.00020_chunk1.npy,metal,6
C:\SoundModel\data\gtzan\features\metal_metal.00012_chunk1.npy,metal,6
C:\SoundModel\data\gtzan\features\country_country.00025_chunk0.npy,country,2
C:\SoundModel\data\gtzan\features\disco_disco.00020_chunk2.npy,disco,3
C:\SoundModel\data\gtzan\features\hiphop_hiphop.00003_chunk2.npy,hiphop,4
C:\SoundModel\data\gtzan\features\rock_rock.00017_chunk0.npy,rock,9
C:\SoundModel\data\gtzan\features\pop_pop.00039_chunk1.npy,pop,7
C:\SoundModel\data\gtzan\features\hiphop_hiphop.00092_chunk2.npy,hiphop,4
C:\SoundModel\data\gtzan\features\country_country.00058_chunk2.npy,country,2
C:\SoundModel\data\gtzan\features\jazz_jazz.00085_chunk1.npy,jazz,5
C:\SoundModel\data\gtzan\features\metal_metal.00074_chunk0.npy,metal,6
C:\SoundModel\data\gtzan\features\metal_metal.00039_chunk0.npy,metal,6
C:\SoundModel\data\gtzan\features\pop_pop.00012_chunk1.npy,pop,7
C:\SoundModel\data\gtzan\features\hiphop_hiphop.00004_chunk0.npy,hiphop,4
C:\SoundModel\data\gtzan\features\blues_blues.00054_chunk1.npy,blues,0
C:\SoundModel\data\gtzan\features\pop_pop.00070_chunk1.npy,pop,7
C:\SoundModel\data\gtzan\features\blues_blues.00036_chunk0.npy,blues,0
C:\SoundModel\data\gtzan\features\rock_rock.00040_chunk2.npy,rock,9
C:\SoundModel\data\gtzan\features\pop_pop.00002_chunk2.npy,pop,7
C:\SoundModel\data\gtzan\features\disco_disco.00045_chunk2.npy,disco,3
C:\SoundModel\data\gtzan\features\jazz_jazz.00035_chunk2.npy,jazz,5
C:\SoundModel\data\gtzan\features\pop_pop.00055_chunk2.npy,pop,7
C:\SoundModel\data\gtzan\features\reggae_reggae.00028_chunk0.npy,reggae,8
C:\SoundModel\data\gtzan\features\classical_classical.00059_chunk0.npy,classical,1
C:\SoundModel\data\gtzan\features\classical_classical.00078_chunk2.npy,classical,1
C:\SoundModel\data\gtzan\features\pop_pop.00039_chunk0.npy,pop,7
C:\SoundModel\data\gtzan\features\metal_metal.00003_chunk1.npy,metal,6
C:\SoundModel\data\gtzan\features\disco_disco.00010_chunk1.npy,disco,3
C:\SoundModel\data\gtzan\features\hiphop_hiphop.00080_chunk0.npy,hiphop,4
C:\SoundModel\data\gtzan\features\classical_classical.00018_chunk2.npy,classical,1
C:\SoundModel\data\gtzan\features\disco_disco.00000_chunk0.npy,disco,3
C:\SoundModel\data\gtzan\features\metal_metal.00065_chunk1.npy,metal,6
C:\SoundModel\data\gtzan\features\country_country.00080_chunk1.npy,country,2
C:\SoundModel\data\gtzan\features\jazz_jazz.00019_chunk0.npy,jazz,5
C:\SoundModel\data\gtzan\features\metal_metal.00071_chunk0.npy,metal,6
C:\SoundModel\data\gtzan\features\rock_rock.00005_chunk1.npy,rock,9
C:\SoundModel\data\gtzan\features\hiphop_hiphop.00068_chunk0.npy,hiphop,4
C:\SoundModel\data\gtzan\features\rock_rock.00036_chunk1.npy,rock,9
C:\SoundModel\data\gtzan\features\jazz_jazz.00094_chunk1.npy,jazz,5
C:\SoundModel\data\gtzan\features\metal_metal.00060_chunk1.npy,metal,6
C:\SoundModel\data\gtzan\features\blues_blues.00063_chunk2.npy,blues,0
C:\SoundModel\data\gtzan\features\reggae_reggae.00001_chunk0.npy,reggae,8
C:\SoundModel\data\gtzan\features\country_country.00004_chunk2.npy,country,2
C:\SoundModel\data\gtzan\features\pop_pop.00038_chunk2.npy,pop,7
C:\SoundModel\data\gtzan\features\blues_blues.00074_chunk0.npy,blues,0
C:\SoundModel\data\gtzan\features\classical_classical.00052_chunk2.npy,classical,1
C:\SoundModel\data\gtzan\features\classical_classical.00071_chunk1.npy,classical,1
C:\SoundModel\data\gtzan\features\classical_classical.00020_chunk2.npy,classical,1
C:\SoundModel\data\gtzan\features\pop_pop.00068_chunk0.npy,pop,7
C:\SoundModel\data\gtzan\features\country_country.00071_chunk2.npy,country,2
C:\SoundModel\data\gtzan\features\metal_metal.00053_chunk1.npy,metal,6
C:\SoundModel\data\gtzan\features\reggae_reggae.00023_chunk0.npy,reggae,8
C:\SoundModel\data\gtzan\features\metal_metal.00027_chunk2.npy,metal,6
C:\SoundModel\data\gtzan\features\pop_pop.00055_chunk1.npy,pop,7
C:\SoundModel\data\gtzan\features\disco_disco.00040_chunk2.npy,disco,3
C:\SoundModel\data\gtzan\features\country_country.00011_chunk0.npy,country,2
C:\SoundModel\data\gtzan\features\blues_blues.00097_chunk2.npy,blues,0
C:\SoundModel\data\gtzan\features\jazz_jazz.00060_chunk1.npy,jazz,5
C:\SoundModel\data\gtzan\features\metal_metal.00061_chunk1.npy,metal,6
C:\SoundModel\data\gtzan\features\rock_rock.00022_chunk0.npy,rock,9
C:\SoundModel\data\gtzan\features\country_country.00081_chunk2.npy,country,2
C:\SoundModel\data\gtzan\features\hiphop_hiphop.00040_chunk1.npy,hiphop,4
C:\SoundModel\data\gtzan\features\rock_rock.00097_chunk0.npy,rock,9
C:\SoundModel\data\gtzan\features\disco_disco.00017_chunk1.npy,disco,3
C:\SoundModel\data\gtzan\features\pop_pop.00028_chunk2.npy,pop,7
C:\SoundModel\data\gtzan\features\classical_classical.00052_chunk1.npy,classical,1
C:\SoundModel\data\gtzan\features\country_country.00077_chunk1.npy,country,2
C:\SoundModel\data\gtzan\features\classical_classical.00069_chunk0.npy,classical,1
C:\SoundModel\data\gtzan\features\reggae_reggae.00022_chunk1.npy,reggae,8
C:\SoundModel\data\gtzan\features\disco_disco.00009_chunk2.npy,disco,3
C:\SoundModel\data\gtzan\features\jazz_jazz.00063_chunk0.npy,jazz,5
C:\SoundModel\data\gtzan\features\rock_rock.00065_chunk1.npy,rock,9
C:\SoundModel\data\gtzan\features\country_country.00027_chunk2.npy,country,2
C:\SoundModel\data\gtzan\features\rock_rock.00000_chunk0.npy,rock,9
C:\SoundModel\data\gtzan\features\pop_pop.00032_chunk2.npy,pop,7
